story,n_subjects,subjects
El almohadón de plumas,61,"sub-001, sub-002, sub-003, sub-005, sub-006, sub-009, sub-010, sub-012, sub-013, sub-016, sub-018, sub-021, sub-024, sub-027, sub-028, sub-034, sub-036, sub-039, sub-041, sub-042, sub-044, sub-046, sub-048, sub-052, sub-053, sub-054, sub-058, sub-060, sub-064, sub-065, sub-066, sub-067, sub-068, sub-070, sub-073, sub-075, sub-076, sub-077, sub-078, sub-079, sub-082, sub-083, sub-085, sub-086, sub-087, sub-088, sub-089, sub-091, sub-093, sub-094, sub-095, sub-096, sub-097, sub-098, sub-101, sub-103, sub-105, sub-107, sub-109, sub-111, sub-112"
La lluvia de fuego,61,"sub-001, sub-002, sub-003, sub-005, sub-006, sub-009, sub-010, sub-012, sub-013, sub-016, sub-018, sub-021, sub-024, sub-027, sub-028, sub-034, sub-036, sub-039, sub-041, sub-042, sub-044, sub-046, sub-048, sub-052, sub-053, sub-054, sub-058, sub-060, sub-064, sub-065, sub-066, sub-067, sub-068, sub-070, sub-073, sub-075, sub-076, sub-077, sub-078, sub-079, sub-082, sub-083, sub-085, sub-086, sub-087, sub-088, sub-089, sub-091, sub-093, sub-094, sub-095, sub-096, sub-097, sub-098, sub-101, sub-103, sub-105, sub-107, sub-109, sub-111, sub-112"
La salud de los enfermos,61,"sub-001, sub-002, sub-003, sub-005, sub-006, sub-009, sub-010, sub-012, sub-013, sub-016, sub-018, sub-021, sub-024, sub-027, sub-028, sub-034, sub-036, sub-039, sub-041, sub-042, sub-044, sub-046, sub-048, sub-052, sub-053, sub-054, sub-058, sub-060, sub-064, sub-065, sub-066, sub-067, sub-068, sub-070, sub-073, sub-075, sub-076, sub-077, sub-078, sub-079, sub-082, sub-083, sub-085, sub-086, sub-087, sub-088, sub-089, sub-091, sub-093, sub-094, sub-095, sub-096, sub-097, sub-098, sub-101, sub-103, sub-105, sub-107, sub-109, sub-111, sub-112"
Wakefield,61,"sub-001, sub-002, sub-003, sub-005, sub-006, sub-009, sub-010, sub-012, sub-013, sub-016, sub-018, sub-021, sub-024, sub-027, sub-028, sub-034, sub-036, sub-039, sub-041, sub-042, sub-044, sub-046, sub-048, sub-052, sub-053, sub-054, sub-058, sub-060, sub-064, sub-065, sub-066, sub-067, sub-068, sub-070, sub-073, sub-075, sub-076, sub-077, sub-078, sub-079, sub-082, sub-083, sub-085, sub-086, sub-087, sub-088, sub-089, sub-091, sub-093, sub-094, sub-095, sub-096, sub-097, sub-098, sub-101, sub-103, sub-105, sub-107, sub-109, sub-111, sub-112"
El espejo,60,"sub-001, sub-002, sub-003, sub-005, sub-006, sub-009, sub-010, sub-012, sub-013, sub-016, sub-018, sub-021, sub-024, sub-027, sub-028, sub-034, sub-036, sub-039, sub-041, sub-042, sub-044, sub-046, sub-048, sub-052, sub-053, sub-054, sub-058, sub-060, sub-064, sub-065, sub-066, sub-067, sub-068, sub-070, sub-073, sub-075, sub-076, sub-077, sub-078, sub-079, sub-083, sub-085, sub-086, sub-087, sub-088, sub-089, sub-091, sub-093, sub-094, sub-095, sub-096, sub-097, sub-098, sub-101, sub-103, sub-105, sub-107, sub-109, sub-111, sub-112"
La canción que cantábamos todos los días,60,"sub-001, sub-002, sub-003, sub-005, sub-006, sub-009, sub-010, sub-012, sub-013, sub-016, sub-018, sub-021, sub-024, sub-027, sub-028, sub-034, sub-036, sub-039, sub-041, sub-042, sub-044, sub-046, sub-048, sub-052, sub-053, sub-054, sub-058, sub-060, sub-064, sub-065, sub-066, sub-067, sub-068, sub-070, sub-073, sub-075, sub-076, sub-077, sub-078, sub-079, sub-082, sub-083, sub-085, sub-086, sub-087, sub-088, sub-089, sub-091, sub-093, sub-095, sub-096, sub-097, sub-098, sub-101, sub-103, sub-105, sub-107, sub-109, sub-111, sub-112"
La gallina degollada,60,"sub-001, sub-002, sub-003, sub-005, sub-006, sub-009, sub-010, sub-012, sub-013, sub-016, sub-018, sub-021, sub-024, sub-027, sub-028, sub-034, sub-036, sub-039, sub-041, sub-042, sub-044, sub-046, sub-048, sub-052, sub-053, sub-054, sub-058, sub-060, sub-064, sub-065, sub-066, sub-067, sub-068, sub-070, sub-073, sub-075, sub-076, sub-077, sub-078, sub-079, sub-082, sub-083, sub-085, sub-086, sub-087, sub-088, sub-089, sub-091, sub-093, sub-095, sub-096, sub-097, sub-098, sub-101, sub-103, sub-105, sub-107, sub-109, sub-111, sub-112"
Rubí y el lago danzante,60,"sub-001, sub-002, sub-003, sub-005, sub-006, sub-009, sub-010, sub-012, sub-013, sub-018, sub-021, sub-024, sub-027, sub-028, sub-034, sub-036, sub-039, sub-041, sub-042, sub-044, sub-046, sub-048, sub-052, sub-053, sub-054, sub-058, sub-060, sub-064, sub-065, sub-066, sub-067, sub-068, sub-070, sub-073, sub-075, sub-076, sub-077, sub-078, sub-079, sub-082, sub-083, sub-085, sub-086, sub-087, sub-088, sub-089, sub-091, sub-093, sub-094, sub-095, sub-096, sub-097, sub-098, sub-101, sub-103, sub-105, sub-107, sub-109, sub-111, sub-112"
Una rosa para Emilia,60,"sub-001, sub-002, sub-003, sub-005, sub-006, sub-009, sub-010, sub-012, sub-013, sub-016, sub-018, sub-021, sub-024, sub-027, sub-028, sub-034, sub-036, sub-039, sub-041, sub-042, sub-044, sub-046, sub-048, sub-052, sub-053, sub-054, sub-058, sub-060, sub-064, sub-065, sub-066, sub-067, sub-068, sub-070, sub-073, sub-075, sub-076, sub-077, sub-078, sub-079, sub-082, sub-083, sub-085, sub-086, sub-087, sub-088, sub-089, sub-091, sub-093, sub-094, sub-095, sub-096, sub-097, sub-098, sub-103, sub-105, sub-107, sub-109, sub-111, sub-112"
"Ahora debería reírme, si no estuviera muerto",59,"sub-001, sub-002, sub-003, sub-005, sub-006, sub-009, sub-010, sub-012, sub-013, sub-016, sub-018, sub-021, sub-024, sub-027, sub-028, sub-034, sub-036, sub-039, sub-041, sub-042, sub-044, sub-046, sub-048, sub-052, sub-053, sub-054, sub-058, sub-060, sub-064, sub-065, sub-066, sub-067, sub-068, sub-070, sub-073, sub-075, sub-076, sub-077, sub-078, sub-079, sub-083, sub-085, sub-086, sub-087, sub-088, sub-089, sub-091, sub-093, sub-095, sub-096, sub-097, sub-098, sub-101, sub-103, sub-105, sub-107, sub-109, sub-111, sub-112"
Buenos Aires,54,"sub-003, sub-006, sub-007, sub-008, sub-009, sub-010, sub-011, sub-013, sub-016, sub-017, sub-018, sub-021, sub-022, sub-027, sub-030, sub-034, sub-035, sub-036, sub-039, sub-048, sub-052, sub-053, sub-054, sub-055, sub-056, sub-058, sub-060, sub-065, sub-066, sub-068, sub-070, sub-071, sub-073, sub-075, sub-077, sub-078, sub-080, sub-081, sub-083, sub-085, sub-086, sub-087, sub-090, sub-091, sub-095, sub-096, sub-097, sub-100, sub-103, sub-105, sub-106, sub-109, sub-111, sub-112"
El golpe de gracia,54,"sub-003, sub-006, sub-007, sub-008, sub-009, sub-010, sub-011, sub-013, sub-016, sub-017, sub-018, sub-021, sub-022, sub-027, sub-030, sub-034, sub-035, sub-036, sub-039, sub-048, sub-052, sub-053, sub-054, sub-055, sub-056, sub-058, sub-060, sub-065, sub-066, sub-068, sub-070, sub-071, sub-073, sub-075, sub-077, sub-078, sub-080, sub-081, sub-083, sub-085, sub-086, sub-087, sub-090, sub-091, sub-095, sub-096, sub-097, sub-100, sub-103, sub-105, sub-106, sub-109, sub-111, sub-112"
La de la Obsesión por la Patineta,54,"sub-003, sub-006, sub-007, sub-008, sub-009, sub-010, sub-011, sub-013, sub-016, sub-017, sub-018, sub-021, sub-022, sub-027, sub-030, sub-034, sub-035, sub-036, sub-039, sub-048, sub-052, sub-053, sub-054, sub-055, sub-056, sub-058, sub-060, sub-065, sub-066, sub-068, sub-070, sub-071, sub-073, sub-075, sub-077, sub-078, sub-080, sub-081, sub-083, sub-085, sub-086, sub-087, sub-090, sub-091, sub-095, sub-096, sub-097, sub-100, sub-103, sub-105, sub-106, sub-109, sub-111, sub-112"
Embarrar la magia,53,"sub-003, sub-006, sub-007, sub-008, sub-009, sub-010, sub-011, sub-013, sub-017, sub-018, sub-021, sub-022, sub-027, sub-030, sub-034, sub-035, sub-036, sub-039, sub-048, sub-052, sub-053, sub-054, sub-055, sub-056, sub-058, sub-060, sub-065, sub-066, sub-068, sub-070, sub-071, sub-073, sub-075, sub-077, sub-078, sub-080, sub-081, sub-083, sub-085, sub-086, sub-087, sub-090, sub-091, sub-095, sub-096, sub-097, sub-100, sub-103, sub-105, sub-106, sub-109, sub-111, sub-112"
La máscara de la Muerte Roja,53,"sub-003, sub-006, sub-007, sub-008, sub-009, sub-010, sub-011, sub-013, sub-017, sub-018, sub-021, sub-022, sub-027, sub-030, sub-034, sub-035, sub-036, sub-039, sub-048, sub-052, sub-053, sub-054, sub-055, sub-056, sub-058, sub-060, sub-065, sub-066, sub-068, sub-070, sub-071, sub-073, sub-075, sub-077, sub-078, sub-080, sub-081, sub-083, sub-085, sub-086, sub-087, sub-090, sub-091, sub-095, sub-096, sub-097, sub-100, sub-103, sub-105, sub-106, sub-109, sub-111, sub-112"
La noche de los feos,53,"sub-003, sub-006, sub-007, sub-008, sub-009, sub-010, sub-011, sub-013, sub-017, sub-018, sub-021, sub-022, sub-027, sub-030, sub-034, sub-035, sub-036, sub-039, sub-048, sub-052, sub-053, sub-054, sub-055, sub-056, sub-058, sub-060, sub-065, sub-066, sub-068, sub-070, sub-071, sub-073, sub-075, sub-077, sub-078, sub-080, sub-081, sub-083, sub-085, sub-086, sub-087, sub-090, sub-091, sub-095, sub-096, sub-097, sub-100, sub-103, sub-105, sub-106, sub-109, sub-111, sub-112"
Educar para escalar y bucear,52,"sub-003, sub-006, sub-007, sub-008, sub-009, sub-010, sub-011, sub-013, sub-017, sub-018, sub-021, sub-022, sub-027, sub-030, sub-034, sub-035, sub-036, sub-039, sub-048, sub-052, sub-053, sub-054, sub-055, sub-056, sub-058, sub-060, sub-065, sub-066, sub-068, sub-070, sub-071, sub-073, sub-075, sub-077, sub-078, sub-080, sub-081, sub-083, sub-085, sub-086, sub-087, sub-090, sub-091, sub-096, sub-097, sub-100, sub-103, sub-105, sub-106, sub-109, sub-111, sub-112"
Cómo funciona caminar en la nieve,50,"sub-003, sub-006, sub-007, sub-008, sub-009, sub-010, sub-011, sub-013, sub-017, sub-018, sub-022, sub-027, sub-030, sub-034, sub-035, sub-036, sub-039, sub-048, sub-052, sub-053, sub-054, sub-055, sub-056, sub-058, sub-060, sub-065, sub-066, sub-068, sub-070, sub-071, sub-073, sub-077, sub-078, sub-080, sub-081, sub-083, sub-085, sub-086, sub-087, sub-090, sub-091, sub-096, sub-097, sub-100, sub-103, sub-105, sub-106, sub-109, sub-111, sub-112"
Cómo funcionan los bolsillos,50,"sub-003, sub-006, sub-007, sub-008, sub-009, sub-010, sub-011, sub-013, sub-017, sub-018, sub-022, sub-027, sub-030, sub-034, sub-035, sub-036, sub-039, sub-048, sub-052, sub-053, sub-054, sub-055, sub-056, sub-058, sub-060, sub-065, sub-066, sub-068, sub-070, sub-071, sub-073, sub-077, sub-078, sub-080, sub-081, sub-083, sub-085, sub-086, sub-087, sub-090, sub-091, sub-096, sub-097, sub-100, sub-103, sub-105, sub-106, sub-109, sub-111, sub-112"
Las fotografías,50,"sub-003, sub-006, sub-007, sub-008, sub-009, sub-010, sub-011, sub-013, sub-017, sub-018, sub-022, sub-027, sub-030, sub-034, sub-035, sub-036, sub-039, sub-048, sub-052, sub-053, sub-054, sub-055, sub-056, sub-058, sub-060, sub-065, sub-066, sub-068, sub-070, sub-071, sub-073, sub-077, sub-078, sub-080, sub-081, sub-083, sub-085, sub-086, sub-087, sub-090, sub-091, sub-096, sub-097, sub-100, sub-103, sub-105, sub-106, sub-109, sub-111, sub-112"
Rebeca,19,"sub-004, sub-014, sub-015, sub-019, sub-026, sub-029, sub-031, sub-032, sub-037, sub-038, sub-047, sub-059, sub-062, sub-063, sub-072, sub-092, sub-099, sub-102, sub-113"
Bienvenido Bob,16,"sub-020, sub-023, sub-025, sub-029, sub-032, sub-049, sub-050, sub-051, sub-059, sub-061, sub-069, sub-072, sub-084, sub-092, sub-099, sub-113"
Carta abierta,14,"sub-014, sub-015, sub-019, sub-037, sub-038, sub-045, sub-049, sub-059, sub-061, sub-069, sub-084, sub-092, sub-102, sub-110"
El negro de París,13,"sub-004, sub-020, sub-025, sub-031, sub-033, sub-040, sub-047, sub-050, sub-057, sub-062, sub-074, sub-104, sub-113"
El origen de las especies,13,"sub-004, sub-014, sub-015, sub-023, sub-037, sub-043, sub-045, sub-057, sub-059, sub-061, sub-099, sub-108, sub-110"
Axolotl,12,"sub-015, sub-023, sub-038, sub-043, sub-045, sub-057, sub-061, sub-062, sub-063, sub-072, sub-092, sub-099"
El loco cansino,11,"sub-020, sub-025, sub-026, sub-033, sub-040, sub-047, sub-050, sub-074, sub-104, sub-108, sub-113"
Sombras sobre vidrio esmerilado 1,9,"sub-019, sub-029, sub-032, sub-043, sub-049, sub-051, sub-069, sub-084, sub-102"
Sombras sobre vidrio esmerilado 2,9,"sub-019, sub-029, sub-032, sub-043, sub-049, sub-051, sub-069, sub-084, sub-102"
Carta a una señorita en París,8,"sub-020, sub-031, sub-033, sub-040, sub-063, sub-104, sub-108, sub-110"
