cue,answer,n,freq
realidad,ficcion,11,0.1864406779661017
realidad,virtual,7,0.11864406779661017
realidad,mentira,5,0.0847457627118644
realidad,alterada,3,0.05084745762711865
realidad,imaginacion,2,0.03389830508474576
realidad,aumentada,2,0.03389830508474576
realidad,presente,2,0.03389830508474576
realidad,verdad,2,0.03389830508474576
realidad,falso,2,0.03389830508474576
realidad,falsa,2,0.03389830508474576
realidad,caida,1,0.01694915254237288
realidad,vida,1,0.01694915254237288
realidad,frontal,1,0.01694915254237288
realidad,distorsion,1,0.01694915254237288
realidad,interpretacion,1,0.01694915254237288
realidad,farsa,1,0.01694915254237288
realidad,paralela,1,0.01694915254237288
realidad,real,1,0.01694915254237288
realidad,oscura,1,0.01694915254237288
realidad,alternativa,1,0.01694915254237288
realidad,digna,1,0.01694915254237288
realidad,fuerte,1,0.01694915254237288
realidad,primavera,1,0.01694915254237288
realidad,escandalosa,1,0.01694915254237288
realidad,cuadrado,1,0.01694915254237288
realidad,hoy,1,0.01694915254237288
realidad,distorcionada,1,0.01694915254237288
realidad,fantasia,1,0.01694915254237288
realidad,cruel,1,0.01694915254237288
realidad,telar,1,0.01694915254237288
realidad,ilusion,1,0.01694915254237288
familia,unida,6,0.1016949152542373
familia,amor,5,0.0847457627118644
familia,amigos,5,0.0847457627118644
familia,grande,4,0.06779661016949153
familia,padres,3,0.05084745762711865
familia,hogar,3,0.05084745762711865
familia,numerosa,3,0.05084745762711865
familia,pareja,2,0.03389830508474576
familia,hermanos,2,0.03389830508474576
familia,madre,2,0.03389830508474576
familia,mama,2,0.03389830508474576
familia,nucleo,1,0.01694915254237288
familia,rota,1,0.01694915254237288
familia,partida,1,0.01694915254237288
familia,matrimonio,1,0.01694915254237288
familia,graciosa,1,0.01694915254237288
familia,nuclear,1,0.01694915254237288
familia,unidos,1,0.01694915254237288
familia,incompleta,1,0.01694915254237288
familia,mentira,1,0.01694915254237288
familia,vinculo,1,0.01694915254237288
familia,hijos,1,0.01694915254237288
familia,añor,1,0.01694915254237288
familia,casa,1,0.01694915254237288
familia,hermano,1,0.01694915254237288
familia,abrazo,1,0.01694915254237288
familia,union,1,0.01694915254237288
familia,auto,1,0.01694915254237288
familia,persona,1,0.01694915254237288
familia,poderosa,1,0.01694915254237288
familia,guanacos,1,0.01694915254237288
familia,pariente,1,0.01694915254237288
familia,nueva,1,0.01694915254237288
miedo,terror,7,0.11864406779661017
miedo,susto,6,0.1016949152542373
miedo,temor,4,0.06779661016949153
miedo,muerte,3,0.05084745762711865
miedo,oscuro,3,0.05084745762711865
miedo,oscuridad,3,0.05084745762711865
miedo,panico,2,0.03389830508474576
miedo,fantasma,2,0.03389830508474576
miedo,ansiedad,1,0.01694915254237288
miedo,luz,1,0.01694915254237288
miedo,valor,1,0.01694915254237288
miedo,feroz,1,0.01694915254237288
miedo,funebre,1,0.01694915254237288
miedo,profundo,1,0.01694915254237288
miedo,dificultad,1,0.01694915254237288
miedo,confusión,1,0.01694915254237288
miedo,espanto,1,0.01694915254237288
miedo,tengo,1,0.01694915254237288
miedo,horror,1,0.01694915254237288
miedo,terrible,1,0.01694915254237288
miedo,fear,1,0.01694915254237288
miedo,tristeza,1,0.01694915254237288
miedo,asustado,1,0.01694915254237288
miedo,terrror,1,0.01694915254237288
miedo,negro,1,0.01694915254237288
miedo,pinchazos,1,0.01694915254237288
miedo,inminente,1,0.01694915254237288
miedo,dolor,1,0.01694915254237288
miedo,pavor,1,0.01694915254237288
miedo,sentimiento,1,0.01694915254237288
miedo,desconocido,1,0.01694915254237288
miedo,morir,1,0.01694915254237288
miedo,ajeno,1,0.01694915254237288
miedo,letal,1,0.01694915254237288
miedo,realidad,1,0.01694915254237288
miedo,colmillo,1,0.01694915254237288
miedo,visceral,1,0.01694915254237288
trabajo,duro,4,0.06779661016949153
trabajo,esfuerzo,4,0.06779661016949153
trabajo,digno,3,0.05084745762711865
trabajo,oficina,3,0.05084745762711865
trabajo,arduo,3,0.05084745762711865
trabajo,dinero,3,0.05084745762711865
trabajo,plata,3,0.05084745762711865
trabajo,aburrido,2,0.03389830508474576
trabajo,maletin,2,0.03389830508474576
trabajo,empleo,2,0.03389830508474576
trabajo,mucho,2,0.03389830508474576
trabajo,justicia,1,0.01694915254237288
trabajo,obligacion,1,0.01694915254237288
trabajo,pala,1,0.01694915254237288
trabajo,navio,1,0.01694915254237288
trabajo,tejer,1,0.01694915254237288
trabajo,horario,1,0.01694915254237288
trabajo,informal,1,0.01694915254237288
trabajo,competencia,1,0.01694915254237288
trabajo,actual,1,0.01694915254237288
trabajo,descanso,1,0.01694915254237288
trabajo,escritorio,1,0.01694915254237288
trabajo,imbecil,1,0.01694915254237288
trabajo,malo,1,0.01694915254237288
trabajo,obligaciones,1,0.01694915254237288
trabajo,arriba,1,0.01694915254237288
trabajo,suerte,1,0.01694915254237288
trabajo,lunes,1,0.01694915254237288
trabajo,estudio,1,0.01694915254237288
trabajo,designado,1,0.01694915254237288
trabajo,oficio,1,0.01694915254237288
trabajo,empleado,1,0.01694915254237288
trabajo,tiempo,1,0.01694915254237288
trabajo,responsabilidad,1,0.01694915254237288
trabajo,ley,1,0.01694915254237288
trabajo,maleta,1,0.01694915254237288
trabajo,forzoso,1,0.01694915254237288
trabajo,rojo,1,0.01694915254237288
trabajo,elegante,1,0.01694915254237288
sentido,comun,10,0.1694915254237288
sentido,humor,6,0.1016949152542373
sentido,olfato,3,0.05084745762711865
sentido,razon,3,0.05084745762711865
sentido,vista,2,0.03389830508474576
sentido,horario,2,0.03389830508474576
sentido,tacto,2,0.03389830508474576
sentido,vida,2,0.03389830508474576
sentido,necesario,1,0.01694915254237288
sentido,origen,1,0.01694915254237288
sentido,moral,1,0.01694915254237288
sentido,proposito,1,0.01694915254237288
sentido,poco,1,0.01694915254237288
sentido,hay,1,0.01694915254237288
sentido,no,1,0.01694915254237288
sentido,escucha,1,0.01694915254237288
sentido,ojos,1,0.01694915254237288
sentido,perdido,1,0.01694915254237288
sentido,común,1,0.01694915254237288
sentido,direccion,1,0.01694915254237288
sentido,valor,1,0.01694915254237288
sentido,bueno,1,0.01694915254237288
sentido,oreja,1,0.01694915254237288
sentido,pertenencia,1,0.01694915254237288
sentido,careciente,1,0.01694915254237288
sentido,arriba,1,0.01694915254237288
sentido,sin,1,0.01694915254237288
sentido,sinsentido,1,0.01694915254237288
sentido,sentidos,1,0.01694915254237288
sentido,dificil,1,0.01694915254237288
sentido,real,1,0.01694915254237288
sentido,carente,1,0.01694915254237288
sentido,vector,1,0.01694915254237288
sentido,contrario,1,0.01694915254237288
sentido,aliento,1,0.01694915254237288
sentido,nada,1,0.01694915254237288
sentido,propio,1,0.01694915254237288
final,feliz,16,0.2962962962962963
final,comienzo,8,0.14814814814814814
final,cuento,2,0.037037037037037035
final,bueno,2,0.037037037037037035
final,terminar,2,0.037037037037037035
final,inicio,1,0.018518518518518517
final,ida,1,0.018518518518518517
final,historia,1,0.018518518518518517
final,triste,1,0.018518518518518517
final,termino,1,0.018518518518518517
final,triunfo,1,0.018518518518518517
final,examen,1,0.018518518518518517
final,oportunidad,1,0.018518518518518517
final,tiempo,1,0.018518518518518517
final,abierta,1,0.018518518518518517
final,tunel,1,0.018518518518518517
final,tragico,1,0.018518518518518517
final,amor,1,0.018518518518518517
final,capitulo,1,0.018518518518518517
final,principio,1,0.018518518518518517
final,definitivo,1,0.018518518518518517
final,colon,1,0.018518518518518517
final,carrera,1,0.018518518518518517
final,puerta,1,0.018518518518518517
final,cafe,1,0.018518518518518517
final,punta,1,0.018518518518518517
final,camino,1,0.018518518518518517
final,viaje,1,0.018518518518518517
final,violin,1,0.018518518518518517
suelo,piso,10,0.18518518518518517
suelo,tierra,9,0.16666666666666666
suelo,duro,4,0.07407407407407407
suelo,entresuelo,2,0.037037037037037035
suelo,mojado,2,0.037037037037037035
suelo,subsuelo,2,0.037037037037037035
suelo,sostener,1,0.018518518518518517
suelo,pavimento,1,0.018518518518518517
suelo,concreto,1,0.018518518518518517
suelo,frio,1,0.018518518518518517
suelo,fertil,1,0.018518518518518517
suelo,animo,1,0.018518518518518517
suelo,rocoso,1,0.018518518518518517
suelo,relidad,1,0.018518518518518517
suelo,techo,1,0.018518518518518517
suelo,base,1,0.018518518518518517
suelo,profundo,1,0.018518518518518517
suelo,subte,1,0.018518518518518517
suelo,resbaladizo,1,0.018518518518518517
suelo,pies,1,0.018518518518518517
suelo,raso,1,0.018518518518518517
suelo,gris,1,0.018518518518518517
suelo,firme,1,0.018518518518518517
suelo,bajo,1,0.018518518518518517
suelo,zapato,1,0.018518518518518517
suelo,ciruela,1,0.018518518518518517
suelo,ceramica,1,0.018518518518518517
suelo,tren,1,0.018518518518518517
suelo,piedra,1,0.018518518518518517
suelo,pasto,1,0.018518518518518517
suelo,arido,1,0.018518518518518517
edad,mayor,6,0.13636363636363635
edad,joven,4,0.09090909090909091
edad,años,4,0.09090909090909091
edad,numero,4,0.09090909090909091
edad,media,3,0.06818181818181818
edad,viejo,3,0.06818181818181818
edad,vejez,2,0.045454545454545456
edad,tiempo,2,0.045454545454545456
edad,ingles,1,0.022727272727272728
edad,nino,1,0.022727272727272728
edad,marca,1,0.022727272727272728
edad,transcurso,1,0.022727272727272728
edad,avanzada,1,0.022727272727272728
edad,corta,1,0.022727272727272728
edad,ano,1,0.022727272727272728
edad,cumplir,1,0.022727272727272728
edad,menor,1,0.022727272727272728
edad,jovenes,1,0.022727272727272728
edad,cronologica,1,0.022727272727272728
edad,antiguedad,1,0.022727272727272728
edad,cama,1,0.022727272727272728
edad,diez,1,0.022727272727272728
edad,veinte,1,0.022727272727272728
edad,temprana,1,0.022727272727272728
acuerdo,desacuerdo,8,0.1509433962264151
acuerdo,trato,4,0.07547169811320754
acuerdo,contrato,3,0.05660377358490566
acuerdo,si,2,0.03773584905660377
acuerdo,pacto,2,0.03773584905660377
acuerdo,tacito,2,0.03773584905660377
acuerdo,recuerdo,2,0.03773584905660377
acuerdo,tratado,2,0.03773584905660377
acuerdo,justo,1,0.018867924528301886
acuerdo,historia,1,0.018867924528301886
acuerdo,personas,1,0.018867924528301886
acuerdo,informe,1,0.018867924528301886
acuerdo,bueno,1,0.018867924528301886
acuerdo,comun,1,0.018867924528301886
acuerdo,disposicion,1,0.018867924528301886
acuerdo,nuevo,1,0.018867924528301886
acuerdo,feliz,1,0.018867924528301886
acuerdo,concordancia,1,0.018867924528301886
acuerdo,concordar,1,0.018867924528301886
acuerdo,mutuo,1,0.018867924528301886
acuerdo,posgrado,1,0.018867924528301886
acuerdo,seguro,1,0.018867924528301886
acuerdo,malo,1,0.018867924528301886
acuerdo,real,1,0.018867924528301886
acuerdo,intacto,1,0.018867924528301886
acuerdo,firme,1,0.018867924528301886
acuerdo,negociar,1,0.018867924528301886
acuerdo,relato,1,0.018867924528301886
acuerdo,mentira,1,0.018867924528301886
acuerdo,dinero,1,0.018867924528301886
acuerdo,nucial,1,0.018867924528301886
acuerdo,cordon,1,0.018867924528301886
acuerdo,concierto,1,0.018867924528301886
acuerdo,mediar,1,0.018867924528301886
acuerdo,manos,1,0.018867924528301886
acuerdo,nomas,1,0.018867924528301886
debe,hacer,10,0.18518518518518517
debe,haber,5,0.09259259259259259
debe,obligacion,4,0.07407407407407407
debe,ser,3,0.05555555555555555
debe,plata,3,0.05555555555555555
debe,dinero,3,0.05555555555555555
debe,deber,3,0.05555555555555555
debe,bebe,3,0.05555555555555555
debe,deuda,2,0.037037037037037035
debe,heroe,1,0.018518518518518517
debe,hace,1,0.018518518518518517
debe,deudor,1,0.018518518518518517
debe,debemos,1,0.018518518518518517
debe,plaga,1,0.018518518518518517
debe,beber,1,0.018518518518518517
debe,mentir,1,0.018518518518518517
debe,necesita,1,0.018518518518518517
debe,no,1,0.018518518518518517
debe,pisar,1,0.018518518518518517
debe,puede,1,0.018518518518518517
debe,acuerdo,1,0.018518518518518517
debe,tiene,1,0.018518518518518517
debe,saber,1,0.018518518518518517
debe,falta,1,0.018518518518518517
debe,trabajo,1,0.018518518518518517
debe,siempre,1,0.018518518518518517
debe,leer,1,0.018518518518518517
problema,solucion,27,0.5294117647058824
problema,resuelto,5,0.09803921568627451
problema,matematica,4,0.0784313725490196
problema,desafio,2,0.0392156862745098
problema,algoritmo,1,0.0196078431372549
problema,resolver,1,0.0196078431372549
problema,actuar,1,0.0196078431372549
problema,pregunta,1,0.0196078431372549
problema,grave,1,0.0196078431372549
problema,oportunidad,1,0.0196078431372549
problema,superar,1,0.0196078431372549
problema,situacion,1,0.0196078431372549
problema,arreglar,1,0.0196078431372549
problema,kiosko,1,0.0196078431372549
problema,obstaculo,1,0.0196078431372549
problema,matematicas,1,0.0196078431372549
problema,mente,1,0.0196078431372549
presidente,electo,4,0.0784313725490196
presidente,poder,3,0.058823529411764705
presidente,nacion,3,0.058823529411764705
presidente,alberto,3,0.058823529411764705
presidente,vicepresidente,3,0.058823529411764705
presidente,pais,2,0.0392156862745098
presidente,gobierno,2,0.0392156862745098
presidente,eleccion,2,0.0392156862745098
presidente,lider,2,0.0392156862745098
presidente,corrupcion,1,0.0196078431372549
presidente,nestor,1,0.0196078431372549
presidente,intendente,1,0.0196078431372549
presidente,alfonsin,1,0.0196078431372549
presidente,fernandez,1,0.0196078431372549
presidente,rico,1,0.0196078431372549
presidente,biden,1,0.0196078431372549
presidente,relator,1,0.0196078431372549
presidente,jefe,1,0.0196078431372549
presidente,perdon,1,0.0196078431372549
presidente,contrato,1,0.0196078431372549
presidente,bush,1,0.0196078431372549
presidente,presente,1,0.0196078431372549
presidente,peron,1,0.0196078431372549
presidente,malo,1,0.0196078431372549
presidente,ente,1,0.0196078431372549
presidente,cruel,1,0.0196078431372549
presidente,cargo,1,0.0196078431372549
presidente,orden,1,0.0196078431372549
presidente,entente,1,0.0196078431372549
presidente,mandato,1,0.0196078431372549
presidente,autoridad,1,0.0196078431372549
presidente,estado,1,0.0196078431372549
presidente,honesta,1,0.0196078431372549
presidente,gasto,1,0.0196078431372549
presidente,ejucutivo,1,0.0196078431372549
presidente,mandatario,1,0.0196078431372549
hombre,mujer,25,0.4807692307692308
hombre,persona,4,0.07692307692307693
hombre,grande,2,0.038461538461538464
hombre,pelo,1,0.019230769230769232
hombre,bueno,1,0.019230769230769232
hombre,investigador,1,0.019230769230769232
hombre,sociedad,1,0.019230769230769232
hombre,velludo,1,0.019230769230769232
hombre,blanco,1,0.019230769230769232
hombre,epicentro,1,0.019230769230769232
hombre,lobo,1,0.019230769230769232
hombre,masculino,1,0.019230769230769232
hombre,alto,1,0.019230769230769232
hombre,grandeza,1,0.019230769230769232
hombre,superficial,1,0.019230769230769232
hombre,origen,1,0.019230769230769232
hombre,varon,1,0.019230769230769232
hombre,facil,1,0.019230769230769232
hombre,baile,1,0.019230769230769232
hombre,presidente,1,0.019230769230769232
hombre,chico,1,0.019230769230769232
hombre,genero,1,0.019230769230769232
hombre,pez,1,0.019230769230769232
hombre,azul,1,0.019230769230769232
ciudad,aires,12,0.23076923076923078
ciudad,edificios,3,0.057692307692307696
ciudad,edificio,3,0.057692307692307696
ciudad,pueblo,2,0.038461538461538464
ciudad,balvanera,2,0.038461538461538464
ciudad,pais,2,0.038461538461538464
ciudad,caba,2,0.038461538461538464
ciudad,grande,2,0.038461538461538464
ciudad,universitaria,2,0.038461538461538464
ciudad,luces,1,0.019230769230769232
ciudad,playa,1,0.019230769230769232
ciudad,provincia,1,0.019230769230769232
ciudad,amplia,1,0.019230769230769232
ciudad,capital,1,0.019230769230769232
ciudad,multitud,1,0.019230769230769232
ciudad,pequeña,1,0.019230769230769232
ciudad,costera,1,0.019230769230769232
ciudad,aconglomerado,1,0.019230769230769232
ciudad,buenos,1,0.019230769230769232
ciudad,arbol,1,0.019230769230769232
ciudad,estado,1,0.019230769230769232
ciudad,casa,1,0.019230769230769232
ciudad,autonoma,1,0.019230769230769232
ciudad,magica,1,0.019230769230769232
ciudad,noche,1,0.019230769230769232
ciudad,moderna,1,0.019230769230769232
ciudad,damasco,1,0.019230769230769232
ciudad,metropolis,1,0.019230769230769232
ciudad,lugar,1,0.019230769230769232
ciudad,portenia,1,0.019230769230769232
ciudad,personas,1,0.019230769230769232
madre,padre,19,0.37254901960784315
madre,hijo,6,0.11764705882352941
madre,hija,4,0.0784313725490196
madre,amor,2,0.0392156862745098
madre,autoridad,1,0.0196078431372549
madre,selva,1,0.0196078431372549
madre,primeriza,1,0.0196078431372549
madre,bebe,1,0.0196078431372549
madre,presente,1,0.0196078431372549
madre,tierra,1,0.0196078431372549
madre,maternidad,1,0.0196078431372549
madre,buena,1,0.0196078431372549
madre,independiente,1,0.0196078431372549
madre,campaña,1,0.0196078431372549
madre,hogar,1,0.0196078431372549
madre,mayor,1,0.0196078431372549
madre,cuidar,1,0.0196078431372549
madre,maternal,1,0.0196078431372549
madre,sola,1,0.0196078431372549
madre,patria,1,0.0196078431372549
madre,mujer,1,0.0196078431372549
madre,persona,1,0.0196078431372549
madre,amiga,1,0.0196078431372549
madre,soltera,1,0.0196078431372549
estado,gobierno,7,0.11475409836065574
estado,civil,4,0.06557377049180328
estado,pais,4,0.06557377049180328
estado,anemico,3,0.04918032786885246
estado,nacion,3,0.04918032786885246
estado,social,2,0.03278688524590164
estado,nación,2,0.03278688524590164
estado,sociedad,2,0.03278688524590164
estado,situacion,1,0.01639344262295082
estado,ahora,1,0.01639344262295082
estado,vivo,1,0.01639344262295082
estado,oligarquia,1,0.01639344262295082
estado,pasivo,1,0.01639344262295082
estado,nacional,1,0.01639344262295082
estado,febril,1,0.01639344262295082
estado,roptura,1,0.01639344262295082
estado,sitio,1,0.01639344262295082
estado,presente,1,0.01639344262295082
estado,feliz,1,0.01639344262295082
estado,mal,1,0.01639344262295082
estado,débil,1,0.01639344262295082
estado,capital,1,0.01639344262295082
estado,critico,1,0.01639344262295082
estado,solido,1,0.01639344262295082
estado,vegetal,1,0.01639344262295082
estado,actual,1,0.01639344262295082
estado,gas,1,0.01639344262295082
estado,anemia,1,0.01639344262295082
estado,congreso,1,0.01639344262295082
estado,mundial,1,0.01639344262295082
estado,vegetativo,1,0.01639344262295082
estado,absolutista,1,0.01639344262295082
estado,territorio,1,0.01639344262295082
estado,alerta,1,0.01639344262295082
estado,activo,1,0.01639344262295082
estado,politica,1,0.01639344262295082
estado,ansiedad,1,0.01639344262295082
estado,mente,1,0.01639344262295082
estado,bueno,1,0.01639344262295082
estado,casado,1,0.01639344262295082
estado,muerte,1,0.01639344262295082
estado,mental,1,0.01639344262295082
media,naranja,8,0.13333333333333333
media,hora,6,0.1
media,pie,5,0.08333333333333333
media,promedio,4,0.06666666666666667
media,zapato,3,0.05
media,calcetin,2,0.03333333333333333
media,entera,2,0.03333333333333333
media,comunicacion,2,0.03333333333333333
media,cabeza,1,0.016666666666666666
media,estadistica,1,0.016666666666666666
media,mitad,1,0.016666666666666666
media,publico,1,0.016666666666666666
media,clase,1,0.016666666666666666
media,centro,1,0.016666666666666666
media,abrigo,1,0.016666666666666666
media,altura,1,0.016666666666666666
media,noche,1,0.016666666666666666
media,imagen,1,0.016666666666666666
media,fest,1,0.016666666666666666
media,soquetes,1,0.016666666666666666
media,vida,1,0.016666666666666666
media,manana,1,0.016666666666666666
media,enferma,1,0.016666666666666666
media,grande,1,0.016666666666666666
media,matematica,1,0.016666666666666666
media,nada,1,0.016666666666666666
media,pies,1,0.016666666666666666
media,poblacional,1,0.016666666666666666
media,rota,1,0.016666666666666666
media,algodon,1,0.016666666666666666
media,soquete,1,0.016666666666666666
media,televisiva,1,0.016666666666666666
media,lenta,1,0.016666666666666666
media,luna,1,0.016666666666666666
media,mañana,1,0.016666666666666666
media,alto,1,0.016666666666666666
noche,dia,18,0.29508196721311475
noche,oscura,8,0.13114754098360656
noche,luna,5,0.08196721311475409
noche,estrellas,4,0.06557377049180328
noche,luz,2,0.03278688524590164
noche,oscuro,2,0.03278688524590164
noche,calida,2,0.03278688524590164
noche,larga,2,0.03278688524590164
noche,descanso,1,0.01639344262295082
noche,joven,1,0.01639344262295082
noche,manana,1,0.01639344262295082
noche,fiesta,1,0.01639344262295082
noche,fria,1,0.01639344262295082
noche,día,1,0.01639344262295082
noche,sangre,1,0.01639344262295082
noche,parasito,1,0.01639344262295082
noche,eterna,1,0.01639344262295082
noche,demacrado,1,0.01639344262295082
noche,trasnochar,1,0.01639344262295082
noche,oscuridad,1,0.01639344262295082
noche,duerme,1,0.01639344262295082
noche,lindo,1,0.01639344262295082
noche,miedo,1,0.01639344262295082
noche,tarde,1,0.01639344262295082
noche,mañana,1,0.01639344262295082
noche,negro,1,0.01639344262295082
momento,tiempo,7,0.11475409836065574
momento,instante,6,0.09836065573770492
momento,presente,3,0.04918032786885246
momento,ahora,3,0.04918032786885246
momento,unico,3,0.04918032786885246
momento,pausa,2,0.03278688524590164
momento,dificil,2,0.03278688524590164
momento,angular,2,0.03278688524590164
momento,figuras,1,0.01639344262295082
momento,importante,1,0.01639344262295082
momento,impulso,1,0.01639344262295082
momento,vivir,1,0.01639344262295082
momento,mori,1,0.01639344262295082
momento,fugaz,1,0.01639344262295082
momento,eterno,1,0.01639344262295082
momento,aprovechar,1,0.01639344262295082
momento,feliz,1,0.01639344262295082
momento,segundos,1,0.01639344262295082
momento,suceso,1,0.01639344262295082
momento,tension,1,0.01639344262295082
momento,punto,1,0.01639344262295082
momento,triste,1,0.01639344262295082
momento,lindo,1,0.01639344262295082
momento,dolor,1,0.01639344262295082
momento,único,1,0.01639344262295082
momento,random,1,0.01639344262295082
momento,indicado,1,0.01639344262295082
momento,fuerza,1,0.01639344262295082
momento,inolvidable,1,0.01639344262295082
momento,veloz,1,0.01639344262295082
momento,infimo,1,0.01639344262295082
momento,silencioso,1,0.01639344262295082
momento,culmine,1,0.01639344262295082
momento,panico,1,0.01639344262295082
momento,oportuno,1,0.01639344262295082
momento,serie,1,0.01639344262295082
momento,bisagra,1,0.01639344262295082
momento,crucial,1,0.01639344262295082
momento,dia,1,0.01639344262295082
momento,hora,1,0.01639344262295082
momento,inesperado,1,0.01639344262295082
libro,abierto,7,0.11475409836065574
libro,hojas,5,0.08196721311475409
libro,hoja,5,0.08196721311475409
libro,leer,4,0.06557377049180328
libro,pagina,4,0.06557377049180328
libro,paginas,3,0.04918032786885246
libro,cuento,2,0.03278688524590164
libro,lectura,2,0.03278688524590164
libro,nuevo,2,0.03278688524590164
libro,largo,2,0.03278688524590164
libro,historias,1,0.01639344262295082
libro,árbol,1,0.01639344262295082
libro,malo,1,0.01639344262295082
libro,bibliotecas,1,0.01639344262295082
libro,conocer,1,0.01639344262295082
libro,viejo,1,0.01639344262295082
libro,razon,1,0.01639344262295082
libro,sagas,1,0.01639344262295082
libro,revista,1,0.01639344262295082
libro,plumas,1,0.01639344262295082
libro,cerrar,1,0.01639344262295082
libro,relato,1,0.01639344262295082
libro,grande,1,0.01639344262295082
libro,corto,1,0.01639344262295082
libro,interesante,1,0.01639344262295082
libro,estado,1,0.01639344262295082
libro,raro,1,0.01639344262295082
libro,papel,1,0.01639344262295082
libro,feliz,1,0.01639344262295082
libro,ojas,1,0.01639344262295082
libro,tapa,1,0.01639344262295082
libro,cuentos,1,0.01639344262295082
libro,lento,1,0.01639344262295082
libro,entretenido,1,0.01639344262295082
libro,hueco,1,0.01639344262295082
recuerdo,memoria,33,0.55
recuerdo,borroso,3,0.05
recuerdo,olvido,2,0.03333333333333333
recuerdo,malo,1,0.016666666666666666
recuerdo,lejano,1,0.016666666666666666
recuerdo,perdido,1,0.016666666666666666
recuerdo,nitido,1,0.016666666666666666
recuerdo,felices,1,0.016666666666666666
recuerdo,una,1,0.016666666666666666
recuerdo,nuevo,1,0.016666666666666666
recuerdo,visualización,1,0.016666666666666666
recuerdo,lindo,1,0.016666666666666666
recuerdo,fallido,1,0.016666666666666666
recuerdo,mirada,1,0.016666666666666666
recuerdo,triste,1,0.016666666666666666
recuerdo,falso,1,0.016666666666666666
recuerdo,anhelo,1,0.016666666666666666
recuerdo,libre,1,0.016666666666666666
recuerdo,leve,1,0.016666666666666666
recuerdo,mente,1,0.016666666666666666
recuerdo,inompleto,1,0.016666666666666666
recuerdo,estado,1,0.016666666666666666
recuerdo,forzado,1,0.016666666666666666
recuerdo,fuerte,1,0.016666666666666666
recuerdo,nostalgia,1,0.016666666666666666
centro,ciudad,7,0.11666666666666667
centro,medio,7,0.11666666666666667
centro,circulo,4,0.06666666666666667
centro,atencion,3,0.05
centro,tierra,3,0.05
centro,lugar,2,0.03333333333333333
centro,punto,2,0.03333333333333333
centro,estudiantes,2,0.03333333333333333
centro,encuentro,1,0.016666666666666666
centro,nucleo,1,0.016666666666666666
centro,puntas,1,0.016666666666666666
centro,afuera,1,0.016666666666666666
centro,congreso,1,0.016666666666666666
centro,vacio,1,0.016666666666666666
centro,capital,1,0.016666666666666666
centro,estudios,1,0.016666666666666666
centro,lateral,1,0.016666666666666666
centro,espejo,1,0.016666666666666666
centro,espacio,1,0.016666666666666666
centro,gol,1,0.016666666666666666
centro,izquierda,1,0.016666666666666666
centro,ayuda,1,0.016666666666666666
centro,terrestre,1,0.016666666666666666
centro,cultural,1,0.016666666666666666
centro,adentro,1,0.016666666666666666
centro,lleno,1,0.016666666666666666
centro,historico,1,0.016666666666666666
centro,uno,1,0.016666666666666666
centro,fijo,1,0.016666666666666666
centro,pelota,1,0.016666666666666666
centro,derecha,1,0.016666666666666666
centro,atomo,1,0.016666666666666666
centro,mesa,1,0.016666666666666666
centro,partricular,1,0.016666666666666666
centro,figura,1,0.016666666666666666
centro,clandestino,1,0.016666666666666666
centro,edificio,1,0.016666666666666666
centro,atletico,1,0.016666666666666666
nueva,vieja,8,0.13333333333333333
nueva,vida,7,0.11666666666666667
nueva,viejo,6,0.1
nueva,luna,5,0.08333333333333333
nueva,era,3,0.05
nueva,ropa,2,0.03333333333333333
nueva,escuela,2,0.03333333333333333
nueva,buena,2,0.03333333333333333
nueva,brillante,2,0.03333333333333333
nueva,experiencia,1,0.016666666666666666
nueva,fuma,1,0.016666666666666666
nueva,ansiedad,1,0.016666666666666666
nueva,linda,1,0.016666666666666666
nueva,tecnologia,1,0.016666666666666666
nueva,innovacion,1,0.016666666666666666
nueva,limpio,1,0.016666666666666666
nueva,reciente,1,0.016666666666666666
nueva,onda,1,0.016666666666666666
nueva,generacion,1,0.016666666666666666
nueva,historia,1,0.016666666666666666
nueva,aventura,1,0.016666666666666666
nueva,edicion,1,0.016666666666666666
nueva,mente,1,0.016666666666666666
nueva,compra,1,0.016666666666666666
nueva,guinea,1,0.016666666666666666
nueva,uso,1,0.016666666666666666
nueva,moderna,1,0.016666666666666666
nueva,amsterdam,1,0.016666666666666666
nueva,ola,1,0.016666666666666666
nueva,pompeya,1,0.016666666666666666
nueva,negro,1,0.016666666666666666
nueva,posibilidad,1,0.016666666666666666
año,nuevo,17,0.38636363636363635
año,tiempo,4,0.09090909090909091
año,bisiesto,3,0.06818181818181818
año,mes,3,0.06818181818181818
año,vida,2,0.045454545454545456
año,pasado,2,0.045454545454545456
año,bisciesto,2,0.045454545454545456
año,mil,2,0.045454545454545456
año,dias,1,0.022727272727272728
año,ochenta,1,0.022727272727272728
año,meses,1,0.022727272727272728
año,lectivo,1,0.022727272727272728
año,actual,1,0.022727272727272728
año,fecha,1,0.022727272727272728
año,siglo,1,0.022727272727272728
año,sesenta,1,0.022727272727272728
año,dos,1,0.022727272727272728
forma,circulo,8,0.13333333333333333
forma,redonda,8,0.13333333333333333
forma,cuadrado,5,0.08333333333333333
forma,triangular,2,0.03333333333333333
forma,geometrica,2,0.03333333333333333
forma,color,2,0.03333333333333333
forma,masa,2,0.03333333333333333
forma,triangulo,2,0.03333333333333333
forma,humana,2,0.03333333333333333
forma,definicion,1,0.016666666666666666
forma,roja,1,0.016666666666666666
forma,desfigura,1,0.016666666666666666
forma,templada,1,0.016666666666666666
forma,como,1,0.016666666666666666
forma,vida,1,0.016666666666666666
forma,organica,1,0.016666666666666666
forma,espacio,1,0.016666666666666666
forma,espectral,1,0.016666666666666666
forma,funcion,1,0.016666666666666666
forma,capaz,1,0.016666666666666666
forma,lugar,1,0.016666666666666666
forma,cuadro,1,0.016666666666666666
forma,desfigurada,1,0.016666666666666666
forma,reciente,1,0.016666666666666666
forma,fragil,1,0.016666666666666666
forma,disforme,1,0.016666666666666666
forma,deforme,1,0.016666666666666666
forma,formula,1,0.016666666666666666
forma,linda,1,0.016666666666666666
forma,completa,1,0.016666666666666666
forma,cuadrada,1,0.016666666666666666
forma,analoga,1,0.016666666666666666
forma,calavera,1,0.016666666666666666
forma,irregular,1,0.016666666666666666
forma,pez,1,0.016666666666666666
forma,definida,1,0.016666666666666666
señor,hombre,7,0.12962962962962962
señor,mayor,6,0.1111111111111111
señor,feudal,4,0.07407407407407407
señor,grande,4,0.07407407407407407
señor,adulto,4,0.07407407407407407
señor,senora,3,0.05555555555555555
señor,caballero,2,0.037037037037037035
señor,madwell,2,0.037037037037037035
señor,cafe,1,0.018518518518518517
señor,señora,1,0.018518518518518517
señor,barba,1,0.018518518518518517
señor,amigo,1,0.018518518518518517
señor,sombrero,1,0.018518518518518517
señor,ingles,1,0.018518518518518517
señor,frances,1,0.018518518518518517
señor,capitan,1,0.018518518518518517
señor,oscar,1,0.018518518518518517
señor,horror,1,0.018518518518518517
señor,ave,1,0.018518518518518517
señor,guerra,1,0.018518518518518517
señor,feo,1,0.018518518518518517
señor,don,1,0.018518518518518517
señor,alto,1,0.018518518518518517
señor,ruiseñor,1,0.018518518518518517
señor,guerrero,1,0.018518518518518517
señor,linterna,1,0.018518518518518517
señor,halcrow,1,0.018518518518518517
señor,alumnos,1,0.018518518518518517
señor,espada,1,0.018518518518518517
señor,sargento,1,0.018518518518518517
grupo,personas,12,0.21428571428571427
grupo,amigos,7,0.125
grupo,grande,6,0.10714285714285714
grupo,abeliano,2,0.03571428571428571
grupo,gente,2,0.03571428571428571
grupo,conjunto,2,0.03571428571428571
grupo,comarca,2,0.03571428571428571
grupo,social,2,0.03571428571428571
grupo,persona,2,0.03571428571428571
grupo,jovenes,1,0.017857142857142856
grupo,pueblo,1,0.017857142857142856
grupo,guerreros,1,0.017857142857142856
grupo,chico,1,0.017857142857142856
grupo,jodido,1,0.017857142857142856
grupo,pequeno,1,0.017857142857142856
grupo,amigues,1,0.017857142857142856
grupo,familiar,1,0.017857142857142856
grupo,equipo,1,0.017857142857142856
grupo,comando,1,0.017857142857142856
grupo,soldados,1,0.017857142857142856
grupo,hetareo,1,0.017857142857142856
grupo,prospero,1,0.017857142857142856
grupo,tumulto,1,0.017857142857142856
grupo,sociabilidad,1,0.017857142857142856
grupo,entidad,1,0.017857142857142856
grupo,estatico,1,0.017857142857142856
grupo,enemigo,1,0.017857142857142856
grupo,paz,1,0.017857142857142856
hijo,padre,10,0.18867924528301888
hijo,hija,5,0.09433962264150944
hijo,prodigo,5,0.09433962264150944
hijo,mayor,4,0.07547169811320754
hijo,menor,3,0.05660377358490566
hijo,madre,2,0.03773584905660377
hijo,chico,2,0.03773584905660377
hijo,familia,2,0.03773584905660377
hijo,nieto,2,0.03773584905660377
hijo,mama,1,0.018867924528301886
hijo,nuevo,1,0.018867924528301886
hijo,descendiente,1,0.018867924528301886
hijo,futuro,1,0.018867924528301886
hijo,bendito,1,0.018867924528301886
hijo,traicion,1,0.018867924528301886
hijo,primo,1,0.018867924528301886
hijo,varon,1,0.018867924528301886
hijo,unico,1,0.018867924528301886
hijo,pariente,1,0.018867924528301886
hijo,joven,1,0.018867924528301886
hijo,papa,1,0.018867924528301886
hijo,amor,1,0.018867924528301886
hijo,propio,1,0.018867924528301886
hijo,saltar,1,0.018867924528301886
hijo,tierra,1,0.018867924528301886
hijo,niño,1,0.018867924528301886
hijo,nene,1,0.018867924528301886
mundo,tierra,8,0.14814814814814814
mundo,planeta,5,0.09259259259259259
mundo,grande,4,0.07407407407407407
mundo,feliz,4,0.07407407407407407
mundo,redondo,4,0.07407407407407407
mundo,abierto,3,0.05555555555555555
mundo,azul,2,0.037037037037037035
mundo,agua,2,0.037037037037037035
mundo,guerra,2,0.037037037037037035
mundo,cruel,2,0.037037037037037035
mundo,espacio,1,0.018518518518518517
mundo,desconocido,1,0.018518518518518517
mundo,globo,1,0.018518518518518517
mundo,maravilloso,1,0.018518518518518517
mundo,oscuro,1,0.018518518518518517
mundo,triste,1,0.018518518518518517
mundo,muerte,1,0.018518518518518517
mundo,cerrado,1,0.018518518518518517
mundo,verde,1,0.018518518518518517
mundo,plano,1,0.018518518518518517
mundo,paz,1,0.018518518518518517
mundo,vivos,1,0.018518518518518517
mundo,plastico,1,0.018518518518518517
mundo,duro,1,0.018518518518518517
mundo,caza,1,0.018518518518518517
mundo,bala,1,0.018518518518518517
mundo,personal,1,0.018518518518518517
mundo,veloz,1,0.018518518518518517
mirada,ojos,16,0.3076923076923077
mirada,perdida,14,0.2692307692307692
mirada,penetrante,2,0.038461538461538464
mirada,triste,2,0.038461538461538464
mirada,profunda,2,0.038461538461538464
mirada,intencion,1,0.019230769230769232
mirada,mirar,1,0.019230769230769232
mirada,actuar,1,0.019230769230769232
mirada,muerte,1,0.019230769230769232
mirada,fugaz,1,0.019230769230769232
mirada,fiuriosa,1,0.019230769230769232
mirada,rostro,1,0.019230769230769232
mirada,salvaje,1,0.019230769230769232
mirada,asesina,1,0.019230769230769232
mirada,alla,1,0.019230769230769232
mirada,se,1,0.019230769230769232
mirada,observar,1,0.019230769230769232
mirada,instante,1,0.019230769230769232
mirada,enfermedad,1,0.019230769230769232
mirada,informacion,1,0.019230769230769232
mirada,musica,1,0.019230769230769232
vez,una,11,0.20754716981132076
vez,primera,9,0.16981132075471697
vez,otra,2,0.03773584905660377
vez,alguna,2,0.03773584905660377
vez,voz,2,0.03773584905660377
vez,momento,2,0.03773584905660377
vez,cuento,2,0.03773584905660377
vez,tiempo,2,0.03773584905660377
vez,rara,2,0.03773584905660377
vez,pez,2,0.03773584905660377
vez,parte,1,0.018867924528301886
vez,esta,1,0.018867924528301886
vez,velez,1,0.018867924528301886
vez,vista,1,0.018867924528301886
vez,habia,1,0.018867924528301886
vez,avion,1,0.018867924528301886
vez,ocasion,1,0.018867924528301886
vez,ojos,1,0.018867924528301886
vez,sucedido,1,0.018867924528301886
vez,esa,1,0.018867924528301886
vez,pata,1,0.018867924528301886
vez,ultima,1,0.018867924528301886
vez,historia,1,0.018867924528301886
vez,alguns,1,0.018867924528301886
vez,situacion,1,0.018867924528301886
vez,avestruz,1,0.018867924528301886
vez,cuando,1,0.018867924528301886
mano,dedo,8,0.15384615384615385
mano,pie,7,0.1346153846153846
mano,derecha,4,0.07692307692307693
mano,dedos,4,0.07692307692307693
mano,cuerpo,3,0.057692307692307696
mano,pies,2,0.038461538461538464
mano,escribir,2,0.038461538461538464
mano,pierna,2,0.038461538461538464
mano,abierta,1,0.019230769230769232
mano,sucia,1,0.019230769230769232
mano,truco,1,0.019230769230769232
mano,escritura,1,0.019230769230769232
mano,posibilidad,1,0.019230769230769232
mano,dereha,1,0.019230769230769232
mano,cinco,1,0.019230769230769232
mano,palma,1,0.019230769230769232
mano,hermano,1,0.019230769230769232
mano,armada,1,0.019230769230769232
mano,suave,1,0.019230769230769232
mano,grande,1,0.019230769230769232
mano,hacer,1,0.019230769230769232
mano,obra,1,0.019230769230769232
mano,jorge,1,0.019230769230769232
mano,larga,1,0.019230769230769232
mano,auto,1,0.019230769230769232
mano,guante,1,0.019230769230769232
mano,pulgar,1,0.019230769230769232
mano,negra,1,0.019230769230769232
camino,tierra,5,0.09615384615384616
camino,largo,4,0.07692307692307693
camino,ruta,4,0.07692307692307693
camino,cerrado,3,0.057692307692307696
camino,recto,2,0.038461538461538464
camino,piedra,2,0.038461538461538464
camino,piedras,2,0.038461538461538464
camino,sendero,2,0.038461538461538464
camino,estrecho,2,0.038461538461538464
camino,sinuoso,2,0.038461538461538464
camino,horizonte,1,0.019230769230769232
camino,lago,1,0.019230769230769232
camino,asfalto,1,0.019230769230769232
camino,curvado,1,0.019230769230769232
camino,andar,1,0.019230769230769232
camino,paso,1,0.019230769230769232
camino,verde,1,0.019230769230769232
camino,seguir,1,0.019230769230769232
camino,muelle,1,0.019230769230769232
camino,via,1,0.019230769230769232
camino,negro,1,0.019230769230769232
camino,paisaje,1,0.019230769230769232
camino,colorido,1,0.019230769230769232
camino,luz,1,0.019230769230769232
camino,caminante,1,0.019230769230769232
camino,montaña,1,0.019230769230769232
camino,ancho,1,0.019230769230769232
camino,cortado,1,0.019230769230769232
camino,viaje,1,0.019230769230769232
camino,vida,1,0.019230769230769232
camino,cerro,1,0.019230769230769232
camino,opcion,1,0.019230769230769232
camino,blanco,1,0.019230769230769232
camino,clasico,1,0.019230769230769232
cuerpo,humano,6,0.11538461538461539
cuerpo,alma,3,0.057692307692307696
cuerpo,mente,3,0.057692307692307696
cuerpo,celeste,2,0.038461538461538464
cuerpo,sano,2,0.038461538461538464
cuerpo,cabeza,2,0.038461538461538464
cuerpo,persona,2,0.038461538461538464
cuerpo,mano,2,0.038461538461538464
cuerpo,grande,2,0.038461538461538464
cuerpo,piel,2,0.038461538461538464
cuerpo,torso,2,0.038461538461538464
cuerpo,vida,2,0.038461538461538464
cuerpo,organo,1,0.019230769230769232
cuerpo,hambre,1,0.019230769230769232
cuerpo,evento,1,0.019230769230769232
cuerpo,brazo,1,0.019230769230769232
cuerpo,azul,1,0.019230769230769232
cuerpo,brazos,1,0.019230769230769232
cuerpo,abierto,1,0.019230769230769232
cuerpo,cuerpo,1,0.019230769230769232
cuerpo,desnudo,1,0.019230769230769232
cuerpo,flotante,1,0.019230769230769232
cuerpo,astronauta,1,0.019230769230769232
cuerpo,largo,1,0.019230769230769232
cuerpo,humedo,1,0.019230769230769232
cuerpo,cara,1,0.019230769230769232
cuerpo,muerto,1,0.019230769230769232
cuerpo,inerte,1,0.019230769230769232
cuerpo,masa,1,0.019230769230769232
cuerpo,esqueleto,1,0.019230769230769232
cuerpo,duro,1,0.019230769230769232
cuerpo,ataul,1,0.019230769230769232
cuerpo,extremidades,1,0.019230769230769232
cuerpo,fisico,1,0.019230769230769232
hecho,deshecho,4,0.0784313725490196
hecho,suceso,4,0.0784313725490196
hecho,derecho,3,0.058823529411764705
hecho,pecho,2,0.0392156862745098
hecho,verdad,2,0.0392156862745098
hecho,accion,2,0.0392156862745098
hecho,libro,1,0.0196078431372549
hecho,indiscutible,1,0.0196078431372549
hecho,dicho,1,0.0196078431372549
hecho,cientifico,1,0.0196078431372549
hecho,factico,1,0.0196078431372549
hecho,mentira,1,0.0196078431372549
hecho,mano,1,0.0196078431372549
hecho,falaz,1,0.0196078431372549
hecho,situacion,1,0.0196078431372549
hecho,helecho,1,0.0196078431372549
hecho,ahora,1,0.0196078431372549
hecho,fortuito,1,0.0196078431372549
hecho,por,1,0.0196078431372549
hecho,desecho,1,0.0196078431372549
hecho,armado,1,0.0196078431372549
hecho,lugar,1,0.0196078431372549
hecho,frase,1,0.0196078431372549
hecho,esta,1,0.0196078431372549
hecho,destructor,1,0.0196078431372549
hecho,desehecho,1,0.0196078431372549
hecho,creacion,1,0.0196078431372549
hecho,acto,1,0.0196078431372549
hecho,dato,1,0.0196078431372549
hecho,terminado,1,0.0196078431372549
hecho,momento,1,0.0196078431372549
hecho,hacer,1,0.0196078431372549
hecho,real,1,0.0196078431372549
hecho,gas,1,0.0196078431372549
hecho,relato,1,0.0196078431372549
hecho,hacha,1,0.0196078431372549
hecho,ocacion,1,0.0196078431372549
hecho,especifica,1,0.0196078431372549
hecho,cabeza,1,0.0196078431372549
hecho,dinamico,1,0.0196078431372549
segundo,primero,20,0.3333333333333333
segundo,minuto,9,0.15
segundo,hermano,8,0.13333333333333333
segundo,tiempo,5,0.08333333333333333
segundo,dos,3,0.05
segundo,tercero,3,0.05
segundo,minutos,2,0.03333333333333333
segundo,hijo,2,0.03333333333333333
segundo,puesto,2,0.03333333333333333
segundo,sombra,1,0.016666666666666666
segundo,lugar,1,0.016666666666666666
segundo,posicion,1,0.016666666666666666
segundo,hora,1,0.016666666666666666
segundo,mente,1,0.016666666666666666
segundo,dia,1,0.016666666666666666
medio,hermano,11,0.18333333333333332
medio,centro,4,0.06666666666666667
medio,ambiente,4,0.06666666666666667
medio,tiempo,4,0.06666666666666667
medio,mitad,2,0.03333333333333333
medio,entero,2,0.03333333333333333
medio,transporte,2,0.03333333333333333
medio,arriba,2,0.03333333333333333
medio,conciliar,1,0.016666666666666666
medio,forma,1,0.016666666666666666
medio,blanco,1,0.016666666666666666
medio,vacio,1,0.016666666666666666
medio,circulo,1,0.016666666666666666
medio,cambio,1,0.016666666666666666
medio,cinco,1,0.016666666666666666
medio,atras,1,0.016666666666666666
medio,roto,1,0.016666666666666666
medio,camino,1,0.016666666666666666
medio,alto,1,0.016666666666666666
medio,cuarto,1,0.016666666666666666
medio,comunicacion,1,0.016666666666666666
medio,loco,1,0.016666666666666666
medio,miedo,1,0.016666666666666666
medio,interno,1,0.016666666666666666
medio,puntas,1,0.016666666666666666
medio,mayor,1,0.016666666666666666
medio,sobrino,1,0.016666666666666666
medio,promedio,1,0.016666666666666666
medio,bajo,1,0.016666666666666666
medio,oriente,1,0.016666666666666666
medio,entre,1,0.016666666666666666
medio,espiritu,1,0.016666666666666666
medio,raro,1,0.016666666666666666
medio,mas,1,0.016666666666666666
medio,bosque,1,0.016666666666666666
medio,pelota,1,0.016666666666666666
medio,campo,1,0.016666666666666666
nombre,apellido,20,0.4
nombre,completo,4,0.08
nombre,identidad,2,0.04
nombre,largo,2,0.04
nombre,persona,2,0.04
nombre,frio,1,0.02
nombre,santi,1,0.02
nombre,apodo,1,0.02
nombre,pronombre,1,0.02
nombre,juan,1,0.02
nombre,lucia,1,0.02
nombre,perdido,1,0.02
nombre,matías,1,0.02
nombre,angeles,1,0.02
nombre,final,1,0.02
nombre,alguien,1,0.02
nombre,documento,1,0.02
nombre,pila,1,0.02
nombre,raro,1,0.02
nombre,segundo,1,0.02
nombre,perro,1,0.02
nombre,suelto,1,0.02
nombre,sal,1,0.02
nombre,verdadero,1,0.02
nombre,propio,1,0.02
padre,madre,39,0.65
padre,ausente,3,0.05
padre,autoridad,2,0.03333333333333333
padre,hijo,2,0.03333333333333333
padre,presente,2,0.03333333333333333
padre,enseniar,1,0.016666666666666666
padre,amado,1,0.016666666666666666
padre,inútil,1,0.016666666666666666
padre,guia,1,0.016666666666666666
padre,responsable,1,0.016666666666666666
padre,vacio,1,0.016666666666666666
padre,padre,1,0.016666666666666666
padre,malo,1,0.016666666666666666
padre,familia,1,0.016666666666666666
padre,normal,1,0.016666666666666666
padre,loco,1,0.016666666666666666
padre,resuelto,1,0.016666666666666666
española,argentina,6,0.10344827586206896
española,tortilla,6,0.10344827586206896
española,mujer,5,0.08620689655172414
española,nacionalidad,4,0.06896551724137931
española,bandera,3,0.05172413793103448
española,gallega,3,0.05172413793103448
española,carta,3,0.05172413793103448
española,europa,3,0.05172413793103448
española,españa,2,0.034482758620689655
española,paella,2,0.034482758620689655
española,francés,1,0.017241379310344827
española,toros,1,0.017241379310344827
española,gitana,1,0.017241379310344827
española,gente,1,0.017241379310344827
española,frances,1,0.017241379310344827
española,pais,1,0.017241379310344827
española,español,1,0.017241379310344827
española,roto,1,0.017241379310344827
española,portuguesa,1,0.017241379310344827
española,italiano,1,0.017241379310344827
española,madrid,1,0.017241379310344827
española,espana,1,0.017241379310344827
española,bonita,1,0.017241379310344827
española,catalunia,1,0.017241379310344827
española,italiana,1,0.017241379310344827
española,lengua,1,0.017241379310344827
española,danza,1,0.017241379310344827
española,inmigrante,1,0.017241379310344827
española,tigre,1,0.017241379310344827
española,irlandesa,1,0.017241379310344827
española,lola,1,0.017241379310344827
uno,dos,42,0.7777777777777778
uno,cartas,2,0.037037037037037035
uno,numero,2,0.037037037037037035
uno,otro,1,0.018518518518518517
uno,solo,1,0.018518518518518517
uno,mas,1,0.018518518518518517
uno,patineta,1,0.018518518518518517
uno,individualismo,1,0.018518518518518517
uno,primero,1,0.018518518518518517
uno,pez,1,0.018518518518518517
uno,con,1,0.018518518518518517
niño,chico,6,0.1111111111111111
niño,adulto,5,0.09259259259259259
niño,hombre,3,0.05555555555555555
niño,patineta,3,0.05555555555555555
niño,hermano,3,0.05555555555555555
niño,pequeño,3,0.05555555555555555
niño,ninia,2,0.037037037037037035
niño,joven,2,0.037037037037037035
niño,viejo,2,0.037037037037037035
niño,infancia,2,0.037037037037037035
niño,chica,2,0.037037037037037035
niño,vientre,1,0.018518518518518517
niño,erudito,1,0.018518518518518517
niño,pequeno,1,0.018518518518518517
niño,niña,1,0.018518518518518517
niño,cruz,1,0.018518518518518517
niño,patinar,1,0.018518518518518517
niño,hijo,1,0.018518518518518517
niño,pobre,1,0.018518518518518517
niño,grande,1,0.018518518518518517
niño,incredulo,1,0.018518518518518517
niño,ambulancia,1,0.018518518518518517
niño,maldito,1,0.018518518518518517
niño,nina,1,0.018518518518518517
niño,luz,1,0.018518518518518517
niño,mujer,1,0.018518518518518517
niño,hermanos,1,0.018518518518518517
niño,nena,1,0.018518518518518517
niño,inocencia,1,0.018518518518518517
niño,azafata,1,0.018518518518518517
niño,pelota,1,0.018518518518518517
niño,malo,1,0.018518518518518517
clase,aula,6,0.10526315789473684
clase,alumnos,6,0.10526315789473684
clase,alta,4,0.07017543859649122
clase,escuela,4,0.07017543859649122
clase,social,3,0.05263157894736842
clase,profesor,2,0.03508771929824561
clase,colegio,2,0.03508771929824561
clase,grado,2,0.03508771929824561
clase,primera,2,0.03508771929824561
clase,nueva,2,0.03508771929824561
clase,abierta,2,0.03508771929824561
clase,media,1,0.017543859649122806
clase,perro,1,0.017543859649122806
clase,numeros,1,0.017543859649122806
clase,sector,1,0.017543859649122806
clase,pizarron,1,0.017543859649122806
clase,estudio,1,0.017543859649122806
clase,secreta,1,0.017543859649122806
clase,secundaria,1,0.017543859649122806
clase,llena,1,0.017543859649122806
clase,persona,1,0.017543859649122806
clase,maestro,1,0.017543859649122806
clase,baja,1,0.017543859649122806
clase,auto,1,0.017543859649122806
clase,vino,1,0.017543859649122806
clase,luz,1,0.017543859649122806
clase,estudiar,1,0.017543859649122806
clase,examen,1,0.017543859649122806
clase,tango,1,0.017543859649122806
clase,fila,1,0.017543859649122806
clase,pelota,1,0.017543859649122806
clase,muerte,1,0.017543859649122806
clase,dificil,1,0.017543859649122806
fuerza,bruta,11,0.20754716981132076
fuerza,musculo,6,0.11320754716981132
fuerza,newton,3,0.05660377358490566
fuerza,mayor,3,0.05660377358490566
fuerza,poder,2,0.03773584905660377
fuerza,fuerte,2,0.03773584905660377
fuerza,gravedad,2,0.03773584905660377
fuerza,viento,2,0.03773584905660377
fuerza,destreza,1,0.018867924528301886
fuerza,fisicoculturista,1,0.018867924528301886
fuerza,oculta,1,0.018867924528301886
fuerza,mano,1,0.018867924528301886
fuerza,friccion,1,0.018867924528301886
fuerza,impulso,1,0.018867924528301886
fuerza,agua,1,0.018867924528301886
fuerza,dolor,1,0.018867924528301886
fuerza,musculos,1,0.018867924528301886
fuerza,presion,1,0.018867924528301886
fuerza,grande,1,0.018867924528301886
fuerza,veloz,1,0.018867924528301886
fuerza,descomunal,1,0.018867924528301886
fuerza,hostil,1,0.018867924528301886
fuerza,debil,1,0.018867924528301886
fuerza,debilidad,1,0.018867924528301886
fuerza,pelea,1,0.018867924528301886
fuerza,resistencia,1,0.018867924528301886
fuerza,abdomen,1,0.018867924528301886
fuerza,brazos,1,0.018867924528301886
fuerza,accion,1,0.018867924528301886
fuerza,brutal,1,0.018867924528301886
mesa,silla,10,0.18518518518518517
mesa,redonda,9,0.16666666666666666
mesa,patas,3,0.05555555555555555
mesa,tabla,3,0.05555555555555555
mesa,comida,3,0.05555555555555555
mesa,madera,2,0.037037037037037035
mesa,pasto,1,0.018518518518518517
mesa,raton,1,0.018518518518518517
mesa,pong,1,0.018518518518518517
mesa,te,1,0.018518518518518517
mesa,vacia,1,0.018518518518518517
mesa,tostadas,1,0.018518518518518517
mesa,grande,1,0.018518518518518517
mesa,examen,1,0.018518518518518517
mesa,masa,1,0.018518518518518517
mesa,piso,1,0.018518518518518517
mesa,plato,1,0.018518518518518517
mesa,juegos,1,0.018518518518518517
mesa,marron,1,0.018518518518518517
mesa,palo,1,0.018518518518518517
mesa,cuatro,1,0.018518518518518517
mesa,lapiz,1,0.018518518518518517
mesa,entremesa,1,0.018518518518518517
mesa,plano,1,0.018518518518518517
mesa,apoyar,1,0.018518518518518517
mesa,lisa,1,0.018518518518518517
mesa,misa,1,0.018518518518518517
mesa,menta,1,0.018518518518518517
mesa,vasos,1,0.018518518518518517
mesa,mueble,1,0.018518518518518517
futuro,pasado,11,0.1864406779661017
futuro,incierto,10,0.1694915254237288
futuro,presente,7,0.11864406779661017
futuro,lejano,4,0.06779661016949153
futuro,tiempo,3,0.05084745762711865
futuro,nuevo,2,0.03389830508474576
futuro,tecnologia,2,0.03389830508474576
futuro,perdido,2,0.03389830508474576
futuro,oportunidad,1,0.01694915254237288
futuro,prometedor,1,0.01694915254237288
futuro,desconocido,1,0.01694915254237288
futuro,esperanza,1,0.01694915254237288
futuro,disturbio,1,0.01694915254237288
futuro,idiota,1,0.01694915254237288
futuro,viajar,1,0.01694915254237288
futuro,porvenir,1,0.01694915254237288
futuro,oscuro,1,0.01694915254237288
futuro,perdida,1,0.01694915254237288
futuro,mal,1,0.01694915254237288
futuro,moderno,1,0.01694915254237288
futuro,proximo,1,0.01694915254237288
futuro,desesperanza,1,0.01694915254237288
futuro,dificil,1,0.01694915254237288
futuro,pelicula,1,0.01694915254237288
futuro,llega,1,0.01694915254237288
futuro,imprevisto,1,0.01694915254237288
todo,nada,37,0.6166666666666667
todo,mundo,3,0.05
todo,mal,2,0.03333333333333333
todo,completo,2,0.03333333333333333
todo,mucho,1,0.016666666666666666
todo,inclusivo,1,0.016666666666666666
todo,inmenso,1,0.016666666666666666
todo,fungi,1,0.016666666666666666
todo,resignado,1,0.016666666666666666
todo,roto,1,0.016666666666666666
todo,algo,1,0.016666666666666666
todo,grande,1,0.016666666666666666
todo,bueno,1,0.016666666666666666
todo,triste,1,0.016666666666666666
todo,universo,1,0.016666666666666666
todo,lleno,1,0.016666666666666666
todo,total,1,0.016666666666666666
todo,bien,1,0.016666666666666666
todo,cambio,1,0.016666666666666666
todo,negro,1,0.016666666666666666
cultura,general,5,0.08333333333333333
cultura,pais,4,0.06666666666666667
cultura,pop,3,0.05
cultura,arte,3,0.05
cultura,poblacion,2,0.03333333333333333
cultura,tradicion,2,0.03333333333333333
cultura,comida,2,0.03333333333333333
cultura,argentina,2,0.03333333333333333
cultura,popular,2,0.03333333333333333
cultura,escultura,2,0.03333333333333333
cultura,gente,2,0.03333333333333333
cultura,sentido,1,0.016666666666666666
cultura,apredizaje,1,0.016666666666666666
cultura,nación,1,0.016666666666666666
cultura,creencias,1,0.016666666666666666
cultura,sociedad,1,0.016666666666666666
cultura,propia,1,0.016666666666666666
cultura,contra,1,0.016666666666666666
cultura,interesante,1,0.016666666666666666
cultura,roto,1,0.016666666666666666
cultura,diversidad,1,0.016666666666666666
cultura,saber,1,0.016666666666666666
cultura,accesible,1,0.016666666666666666
cultura,figural,1,0.016666666666666666
cultura,antigua,1,0.016666666666666666
cultura,nacional,1,0.016666666666666666
cultura,revolucion,1,0.016666666666666666
cultura,bienestar,1,0.016666666666666666
cultura,colorido,1,0.016666666666666666
cultura,libros,1,0.016666666666666666
cultura,rojo,1,0.016666666666666666
cultura,horrror,1,0.016666666666666666
cultura,culto,1,0.016666666666666666
cultura,idiota,1,0.016666666666666666
cultura,clasica,1,0.016666666666666666
cultura,paises,1,0.016666666666666666
cultura,educacion,1,0.016666666666666666
cultura,mixta,1,0.016666666666666666
cultura,mesopotamia,1,0.016666666666666666
cultura,creacion,1,0.016666666666666666
cultura,sacrificio,1,0.016666666666666666
cultura,martillo,1,0.016666666666666666
dia,noche,34,0.5666666666666667
dia,sol,10,0.16666666666666666
dia,soleado,2,0.03333333333333333
dia,actividades,1,0.016666666666666666
dia,hoy,1,0.016666666666666666
dia,uno,1,0.016666666666666666
dia,compras,1,0.016666666666666666
dia,fecha,1,0.016666666666666666
dia,numero,1,0.016666666666666666
dia,azul,1,0.016666666666666666
dia,oscuro,1,0.016666666666666666
dia,dificil,1,0.016666666666666666
dia,amarillo,1,0.016666666666666666
dia,malo,1,0.016666666666666666
dia,claridad,1,0.016666666666666666
dia,semana,1,0.016666666666666666
dia,propicio,1,0.016666666666666666
tanto,poco,19,0.31666666666666665
tanto,mucho,8,0.13333333333333333
tanto,tiempo,4,0.06666666666666667
tanto,cuanto,3,0.05
tanto,truco,3,0.05
tanto,llanto,2,0.03333333333333333
tanto,bastante,1,0.016666666666666666
tanto,tanto,1,0.016666666666666666
tanto,potencial,1,0.016666666666666666
tanto,punto,1,0.016666666666666666
tanto,corto,1,0.016666666666666666
tanto,pronto,1,0.016666666666666666
tanto,masa,1,0.016666666666666666
tanto,esperado,1,0.016666666666666666
tanto,trabajo,1,0.016666666666666666
tanto,algo,1,0.016666666666666666
tanto,monton,1,0.016666666666666666
tanto,inecesario,1,0.016666666666666666
tanto,pedir,1,0.016666666666666666
tanto,drama,1,0.016666666666666666
tanto,mas,1,0.016666666666666666
tanto,todo,1,0.016666666666666666
tanto,tengo,1,0.016666666666666666
tanto,envido,1,0.016666666666666666
tanto,nada,1,0.016666666666666666
tanto,porciento,1,0.016666666666666666
tanto,como,1,0.016666666666666666
campo,pasto,11,0.18032786885245902
campo,verde,10,0.16393442622950818
campo,abierto,3,0.04918032786885246
campo,lluvia,3,0.04918032786885246
campo,tierra,3,0.04918032786885246
campo,trigo,3,0.04918032786885246
campo,caballo,2,0.03278688524590164
campo,traviesa,2,0.03278688524590164
campo,vacio,1,0.01639344262295082
campo,playa,1,0.01639344262295082
campo,ciudad,1,0.01639344262295082
campo,arboles,1,0.01639344262295082
campo,leopoldo,1,0.01639344262295082
campo,jardin,1,0.01639344262295082
campo,flores,1,0.01639344262295082
campo,lugar,1,0.01639344262295082
campo,fuego,1,0.01639344262295082
campo,quema,1,0.01639344262295082
campo,vacas,1,0.01639344262295082
campo,vino,1,0.01639344262295082
campo,planta,1,0.01639344262295082
campo,traves,1,0.01639344262295082
campo,cozecha,1,0.01639344262295082
campo,animales,1,0.01639344262295082
campo,caballos,1,0.01639344262295082
campo,lluvioso,1,0.01639344262295082
campo,rojo,1,0.01639344262295082
campo,hostil,1,0.01639344262295082
campo,chaja,1,0.01639344262295082
campo,cesped,1,0.01639344262295082
campo,cobre,1,0.01639344262295082
campo,agreste,1,0.01639344262295082
señora,mujer,9,0.14754098360655737
señora,vieja,6,0.09836065573770492
señora,señor,5,0.08196721311475409
señora,edad,3,0.04918032786885246
señora,grande,3,0.04918032786885246
señora,mayor,2,0.03278688524590164
señora,senor,2,0.03278688524590164
señora,donia,2,0.03278688524590164
señora,anciana,2,0.03278688524590164
señora,señorita,1,0.01639344262295082
señora,experiencia,1,0.01639344262295082
señora,amante,1,0.01639344262295082
señora,gitana,1,0.01639344262295082
señora,cartera,1,0.01639344262295082
señora,alta,1,0.01639344262295082
señora,gorro,1,0.01639344262295082
señora,servidumbre,1,0.01639344262295082
señora,cobre,1,0.01639344262295082
señora,sirvienta,1,0.01639344262295082
señora,sed,1,0.01639344262295082
señora,obesa,1,0.01639344262295082
señora,asesina,1,0.01639344262295082
señora,muerte,1,0.01639344262295082
señora,madre,1,0.01639344262295082
señora,limpia,1,0.01639344262295082
señora,lidia,1,0.01639344262295082
señora,adultez,1,0.01639344262295082
señora,dama,1,0.01639344262295082
señora,reina,1,0.01639344262295082
señora,coqueta,1,0.01639344262295082
señora,nuerta,1,0.01639344262295082
señora,lentes,1,0.01639344262295082
señora,buena,1,0.01639344262295082
señora,madame,1,0.01639344262295082
señora,vestido,1,0.01639344262295082
señora,bien,1,0.01639344262295082
memoria,cerebro,13,0.21311475409836064
memoria,recuerdo,4,0.06557377049180328
memoria,justicia,4,0.06557377049180328
memoria,plazo,3,0.04918032786885246
memoria,perdida,3,0.04918032786885246
memoria,recuerdos,3,0.04918032786885246
memoria,verdad,3,0.04918032786885246
memoria,mente,2,0.03278688524590164
memoria,mala,2,0.03278688524590164
memoria,larga,2,0.03278688524590164
memoria,olvido,2,0.03278688524590164
memoria,ram,1,0.01639344262295082
memoria,historia,1,0.01639344262295082
memoria,crecer,1,0.01639344262295082
memoria,mirada,1,0.01639344262295082
memoria,turbia,1,0.01639344262295082
memoria,pasado,1,0.01639344262295082
memoria,llena,1,0.01639344262295082
memoria,vino,1,0.01639344262295082
memoria,fugaz,1,0.01639344262295082
memoria,muerte,1,0.01639344262295082
memoria,recordar,1,0.01639344262295082
memoria,interna,1,0.01639344262295082
memoria,poca,1,0.01639344262295082
memoria,chip,1,0.01639344262295082
memoria,semantica,1,0.01639344262295082
memoria,feliz,1,0.01639344262295082
memoria,corta,1,0.01639344262295082
memoria,parque,1,0.01639344262295082
memoria,libro,1,0.01639344262295082
memoria,selectiva,1,0.01639344262295082
guerra,paz,10,0.16666666666666666
guerra,armas,6,0.1
guerra,sangre,6,0.1
guerra,fria,5,0.08333333333333333
guerra,muerte,4,0.06666666666666667
guerra,santa,2,0.03333333333333333
guerra,triste,2,0.03333333333333333
guerra,mundial,2,0.03333333333333333
guerra,fría,1,0.016666666666666666
guerra,terror,1,0.016666666666666666
guerra,interes,1,0.016666666666666666
guerra,soldados,1,0.016666666666666666
guerra,rusia,1,0.016666666666666666
guerra,planta,1,0.016666666666666666
guerra,civil,1,0.016666666666666666
guerra,muertes,1,0.016666666666666666
guerra,espada,1,0.016666666666666666
guerra,bombas,1,0.016666666666666666
guerra,caos,1,0.016666666666666666
guerra,fuego,1,0.016666666666666666
guerra,esparta,1,0.016666666666666666
guerra,tanque,1,0.016666666666666666
guerra,horror,1,0.016666666666666666
guerra,malo,1,0.016666666666666666
guerra,explosion,1,0.016666666666666666
guerra,batalla,1,0.016666666666666666
guerra,caballeros,1,0.016666666666666666
guerra,cobre,1,0.016666666666666666
guerra,sucia,1,0.016666666666666666
guerra,conflicto,1,0.016666666666666666
guerra,arma,1,0.016666666666666666
diez,numero,9,0.15789473684210525
diez,once,8,0.14035087719298245
diez,nueve,5,0.08771929824561403
diez,mil,4,0.07017543859649122
diez,veinte,4,0.07017543859649122
diez,años,2,0.03508771929824561
diez,examen,2,0.03508771929824561
diez,porciento,1,0.017543859649122806
diez,cuatro,1,0.017543859649122806
diez,excelencia,1,0.017543859649122806
diez,excelente,1,0.017543859649122806
diez,multipilicacion,1,0.017543859649122806
diez,lionel,1,0.017543859649122806
diez,dado,1,0.017543859649122806
diez,cinco,1,0.017543859649122806
diez,respuesta,1,0.017543859649122806
diez,uno,1,0.017543859649122806
diez,dias,1,0.017543859649122806
diez,monedas,1,0.017543859649122806
diez,suerte,1,0.017543859649122806
diez,ocho,1,0.017543859649122806
diez,diez,1,0.017543859649122806
diez,manos,1,0.017543859649122806
diez,minutos,1,0.017543859649122806
diez,nota,1,0.017543859649122806
diez,diego,1,0.017543859649122806
diez,pesos,1,0.017543859649122806
diez,veces,1,0.017543859649122806
diez,hora,1,0.017543859649122806
diez,menos,1,0.017543859649122806
gobierno,poder,5,0.09433962264150944
gobierno,corrupto,4,0.07547169811320754
gobierno,corrupcion,4,0.07547169811320754
gobierno,estado,3,0.05660377358490566
gobierno,rey,3,0.05660377358490566
gobierno,dictadura,2,0.03773584905660377
gobierno,congreso,2,0.03773584905660377
gobierno,politica,2,0.03773584905660377
gobierno,democracia,2,0.03773584905660377
gobierno,presidente,2,0.03773584905660377
gobierno,anarquia,2,0.03773584905660377
gobierno,malo,2,0.03773584905660377
gobierno,rosada,1,0.018867924528301886
gobierno,radical,1,0.018867924528301886
gobierno,monarquia,1,0.018867924528301886
gobierno,patrio,1,0.018867924528301886
gobierno,ciudad,1,0.018867924528301886
gobierno,dictatorial,1,0.018867924528301886
gobierno,auto,1,0.018867924528301886
gobierno,decepcion,1,0.018867924528301886
gobierno,patria,1,0.018867924528301886
gobierno,torre,1,0.018867924528301886
gobierno,bien,1,0.018867924528301886
gobierno,represor,1,0.018867924528301886
gobierno,democratico,1,0.018867924528301886
gobierno,leyes,1,0.018867924528301886
gobierno,mentira,1,0.018867924528301886
gobierno,vorrupto,1,0.018867924528301886
gobierno,luz,1,0.018867924528301886
gobierno,orden,1,0.018867924528301886
gobierno,mascara,1,0.018867924528301886
gobierno,multiple,1,0.018867924528301886
manera,forma,14,0.2641509433962264
manera,morir,3,0.05660377358490566
manera,formas,3,0.05660377358490566
manera,pensar,2,0.03773584905660377
manera,mano,2,0.03773584905660377
manera,hacer,2,0.03773584905660377
manera,eleccion,1,0.018867924528301886
manera,sutil,1,0.018867924528301886
manera,metodo,1,0.018867924528301886
manera,distinta,1,0.018867924528301886
manera,variedad,1,0.018867924528301886
manera,simple,1,0.018867924528301886
manera,madera,1,0.018867924528301886
manera,mejor,1,0.018867924528301886
manera,muchas,1,0.018867924528301886
manera,que,1,0.018867924528301886
manera,soga,1,0.018867924528301886
manera,erronea,1,0.018867924528301886
manera,buena,1,0.018867924528301886
manera,palabra,1,0.018867924528301886
manera,muerte,1,0.018867924528301886
manera,cruel,1,0.018867924528301886
manera,se,1,0.018867924528301886
manera,mala,1,0.018867924528301886
manera,ley,1,0.018867924528301886
manera,opcion,1,0.018867924528301886
manera,modo,1,0.018867924528301886
manera,favil,1,0.018867924528301886
manera,taladro,1,0.018867924528301886
manera,modales,1,0.018867924528301886
manera,de,1,0.018867924528301886
manera,hijo,1,0.018867924528301886
manera,eficaz,1,0.018867924528301886
mayor,menor,28,0.5283018867924528
mayor,grande,4,0.07547169811320754
mayor,hermano,2,0.03773584905660377
mayor,alcalde,2,0.03773584905660377
mayor,edad,2,0.03773584905660377
mayor,adulto,2,0.03773584905660377
mayor,hijo,1,0.018867924528301886
mayor,enfermedad,1,0.018867924528301886
mayor,alto,1,0.018867924528301886
mayor,tiempo,1,0.018867924528301886
mayor,abuelo,1,0.018867924528301886
mayor,incremento,1,0.018867924528301886
mayor,dominio,1,0.018867924528301886
mayor,lider,1,0.018867924528301886
mayor,miedo,1,0.018867924528301886
mayor,grado,1,0.018867924528301886
mayor,indicador,1,0.018867924528301886
mayor,guardia,1,0.018867924528301886
mayor,dimension,1,0.018867924528301886
agua,fuego,5,0.09615384615384616
agua,potable,4,0.07692307692307693
agua,vaso,4,0.07692307692307693
agua,limpia,4,0.07692307692307693
agua,sal,3,0.057692307692307696
agua,liquido,2,0.038461538461538464
agua,botella,2,0.038461538461538464
agua,dulce,2,0.038461538461538464
agua,pura,2,0.038461538461538464
agua,vida,2,0.038461538461538464
agua,fresca,2,0.038461538461538464
agua,azul,2,0.038461538461538464
agua,water,2,0.038461538461538464
agua,vital,1,0.019230769230769232
agua,boca,1,0.019230769230769232
agua,rio,1,0.019230769230769232
agua,limpio,1,0.019230769230769232
agua,fresco,1,0.019230769230769232
agua,cielo,1,0.019230769230769232
agua,solido,1,0.019230769230769232
agua,fria,1,0.019230769230769232
agua,pureza,1,0.019230769230769232
agua,clara,1,0.019230769230769232
agua,hidratacion,1,0.019230769230769232
agua,espejo,1,0.019230769230769232
agua,frio,1,0.019230769230769232
agua,ho,1,0.019230769230769232
agua,olas,1,0.019230769230769232
agua,mojado,1,0.019230769230769232
muerte,vida,11,0.20754716981132076
muerte,roja,9,0.16981132075471697
muerte,fin,3,0.05660377358490566
muerte,negro,3,0.05660377358490566
muerte,subita,3,0.05660377358490566
muerte,peste,2,0.03773584905660377
muerte,final,2,0.03773584905660377
muerte,parca,1,0.018867924528301886
muerte,tunica,1,0.018867924528301886
muerte,lenta,1,0.018867924528301886
muerte,eterno,1,0.018867924528301886
muerte,trascurso,1,0.018867924528301886
muerte,cementerio,1,0.018867924528301886
muerte,sangre,1,0.018867924528301886
muerte,segura,1,0.018867924528301886
muerte,triste,1,0.018867924528301886
muerte,asesino,1,0.018867924528301886
muerte,perdida,1,0.018867924528301886
muerte,cruel,1,0.018867924528301886
muerte,malo,1,0.018867924528301886
muerte,arma,1,0.018867924528301886
muerte,pronta,1,0.018867924528301886
muerte,sol,1,0.018867924528301886
muerte,mascara,1,0.018867924528301886
muerte,zombies,1,0.018867924528301886
muerte,forma,1,0.018867924528301886
muerte,oscura,1,0.018867924528301886
tipo,hombre,11,0.21153846153846154
tipo,feo,10,0.19230769230769232
tipo,clase,2,0.038461538461538464
tipo,lindo,2,0.038461538461538464
tipo,tipa,2,0.038461538461538464
tipo,grande,2,0.038461538461538464
tipo,algo,2,0.038461538461538464
tipo,persona,2,0.038461538461538464
tipo,perfecto,1,0.019230769230769232
tipo,eleccion,1,0.019230769230769232
tipo,traje,1,0.019230769230769232
tipo,sujeto,1,0.019230769230769232
tipo,fuente,1,0.019230769230769232
tipo,estilo,1,0.019230769230769232
tipo,chico,1,0.019230769230769232
tipo,mujer,1,0.019230769230769232
tipo,rancio,1,0.019230769230769232
tipo,formas,1,0.019230769230769232
tipo,guapo,1,0.019230769230769232
tipo,joven,1,0.019230769230769232
tipo,es,1,0.019230769230769232
tipo,adulto,1,0.019230769230769232
tipo,mi,1,0.019230769230769232
tipo,color,1,0.019230769230769232
tipo,solo,1,0.019230769230769232
tipo,cosa,1,0.019230769230769232
tipo,crucial,1,0.019230769230769232
publico,privado,14,0.2641509433962264
publico,multitud,3,0.05660377358490566
publico,gente,3,0.05660377358490566
publico,conocimiento,2,0.03773584905660377
publico,espectadores,2,0.03773584905660377
publico,miradas,1,0.018867924528301886
publico,transporte,1,0.018867924528301886
publico,red,1,0.018867924528301886
publico,espacio,1,0.018867924528301886
publico,trasporte,1,0.018867924528301886
publico,aplausos,1,0.018867924528301886
publico,dificil,1,0.018867924528301886
publico,mirones,1,0.018867924528301886
publico,paciente,1,0.018867924528301886
publico,aburrido,1,0.018867924528301886
publico,cruel,1,0.018867924528301886
publico,comunidad,1,0.018867924528301886
publico,subte,1,0.018867924528301886
publico,teatro,1,0.018867924528301886
publico,situacion,1,0.018867924528301886
publico,miedo,1,0.018867924528301886
publico,juzgador,1,0.018867924528301886
publico,uso,1,0.018867924528301886
publico,evidente,1,0.018867924528301886
publico,comun,1,0.018867924528301886
publico,mirada,1,0.018867924528301886
publico,sociedad,1,0.018867924528301886
publico,recital,1,0.018867924528301886
publico,general,1,0.018867924528301886
publico,raiz,1,0.018867924528301886
publico,pubico,1,0.018867924528301886
publico,visto,1,0.018867924528301886
publico,mirando,1,0.018867924528301886
publico,ostentoso,1,0.018867924528301886
dicho,hecho,20,0.37735849056603776
dicho,frase,4,0.07547169811320754
dicho,decir,2,0.03773584905660377
dicho,viejo,2,0.03773584905660377
dicho,refran,2,0.03773584905660377
dicho,hostil,1,0.018867924528301886
dicho,oido,1,0.018867924528301886
dicho,paisano,1,0.018867924528301886
dicho,hablar,1,0.018867924528301886
dicho,redicho,1,0.018867924528301886
dicho,azar,1,0.018867924528301886
dicho,mal,1,0.018867924528301886
dicho,olor,1,0.018867924528301886
dicho,verdad,1,0.018867924528301886
dicho,escrito,1,0.018867924528301886
dicho,dicha,1,0.018867924528301886
dicho,nada,1,0.018867924528301886
dicho,contar,1,0.018867924528301886
dicho,susodicho,1,0.018867924528301886
dicho,maldicho,1,0.018867924528301886
dicho,historia,1,0.018867924528301886
dicho,lenguaje,1,0.018867924528301886
dicho,boca,1,0.018867924528301886
dicho,sabiduria,1,0.018867924528301886
dicho,cubo,1,0.018867924528301886
dicho,carta,1,0.018867924528301886
dicho,palabra,1,0.018867924528301886
dicho,paso,1,0.018867924528301886
trata,personas,12,0.22641509433962265
trata,bien,5,0.09433962264150944
trata,gente,4,0.07547169811320754
trata,intento,2,0.03773584905660377
trata,persona,2,0.03773584905660377
trata,trato,2,0.03773584905660377
trata,prostitucion,2,0.03773584905660377
trata,modo,1,0.018867924528301886
trata,turbia,1,0.018867924528301886
trata,comunican,1,0.018867924528301886
trata,tratamiento,1,0.018867924528301886
trata,mejor,1,0.018867924528301886
trata,miento,1,0.018867924528301886
trata,persnas,1,0.018867924528301886
trata,delicadez,1,0.018867924528301886
trata,a,1,0.018867924528301886
trata,se,1,0.018867924528301886
trata,blancas,1,0.018867924528301886
trata,calmante,1,0.018867924528301886
trata,actuar,1,0.018867924528301886
trata,tierra,1,0.018867924528301886
trata,perseverancia,1,0.018867924528301886
trata,nada,1,0.018867924528301886
trata,explotacion,1,0.018867924528301886
trata,mal,1,0.018867924528301886
trata,relacion,1,0.018867924528301886
trata,manzana,1,0.018867924528301886
trata,ilegal,1,0.018867924528301886
trata,intentar,1,0.018867924528301886
trata,mala,1,0.018867924528301886
trata,blanca,1,0.018867924528301886
verdad,mentira,22,0.41509433962264153
verdad,falso,5,0.09433962264150944
verdad,justicia,3,0.05660377358490566
verdad,honestidad,2,0.03773584905660377
verdad,consecuencia,2,0.03773584905660377
verdad,patetica,1,0.018867924528301886
verdad,ficcion,1,0.018867924528301886
verdad,discutible,1,0.018867924528301886
verdad,son,1,0.018867924528301886
verdad,oculta,1,0.018867924528301886
verdad,indefinible,1,0.018867924528301886
verdad,triste,1,0.018867924528301886
verdad,sinceridad,1,0.018867924528301886
verdad,objetiva,1,0.018867924528301886
verdad,inminente,1,0.018867924528301886
verdad,afirmacion,1,0.018867924528301886
verdad,reto,1,0.018867924528301886
verdad,razon,1,0.018867924528301886
verdad,realidad,1,0.018867924528301886
verdad,falsa,1,0.018867924528301886
verdad,hojas,1,0.018867924528301886
verdad,mentiras,1,0.018867924528301886
verdad,individuo,1,0.018867924528301886
verdad,absoluta,1,0.018867924528301886
vista,ojos,24,0.39344262295081966
vista,ciega,3,0.04918032786885246
vista,paisaje,3,0.04918032786885246
vista,buena,3,0.04918032786885246
vista,mar,2,0.03278688524590164
vista,ocular,2,0.03278688524590164
vista,bella,2,0.03278688524590164
vista,viaje,2,0.03278688524590164
vista,mala,2,0.03278688524590164
vista,mal,1,0.01639344262295082
vista,vision,1,0.01639344262295082
vista,emocional,1,0.01639344262295082
vista,lejos,1,0.01639344262295082
vista,temblada,1,0.01639344262295082
vista,experiencias,1,0.01639344262295082
vista,ceguera,1,0.01639344262295082
vista,perdida,1,0.01639344262295082
vista,anteojos,1,0.01639344262295082
vista,panoramica,1,0.01639344262295082
vista,montaña,1,0.01639344262295082
vista,dollor,1,0.01639344262295082
vista,amplio,1,0.01639344262295082
vista,oceano,1,0.01639344262295082
vista,peligrosa,1,0.01639344262295082
vista,ciego,1,0.01639344262295082
vista,vida,1,0.01639344262295082
vista,gorda,1,0.01639344262295082
vida,muerte,30,0.4918032786885246
vida,larga,4,0.06557377049180328
vida,salud,2,0.03278688524590164
vida,corta,2,0.03278688524590164
vida,plena,2,0.03278688524590164
vida,hijos,1,0.01639344262295082
vida,total,1,0.01639344262295082
vida,eternidad,1,0.01639344262295082
vida,lucha,1,0.01639344262295082
vida,verde,1,0.01639344262295082
vida,dura,1,0.01639344262295082
vida,farsa,1,0.01639344262295082
vida,alma,1,0.01639344262295082
vida,camino,1,0.01639344262295082
vida,feliz,1,0.01639344262295082
vida,plantas,1,0.01639344262295082
vida,hojas,1,0.01639344262295082
vida,amor,1,0.01639344262295082
vida,sana,1,0.01639344262295082
vida,silvestre,1,0.01639344262295082
vida,persona,1,0.01639344262295082
vida,naturaleza,1,0.01639344262295082
vida,eterna,1,0.01639344262295082
vida,buena,1,0.01639344262295082
vida,arbol,1,0.01639344262295082
vida,milagro,1,0.01639344262295082
mayoria,minoria,20,0.32786885245901637
mayoria,gente,7,0.11475409836065574
mayoria,muchos,4,0.06557377049180328
mayoria,edad,3,0.04918032786885246
mayoria,grande,2,0.03278688524590164
mayoria,popular,2,0.03278688524590164
mayoria,inexpugnable,1,0.01639344262295082
mayoria,voto,1,0.01639344262295082
mayoria,votacion,1,0.01639344262295082
mayoria,mejor,1,0.01639344262295082
mayoria,familia,1,0.01639344262295082
mayoria,solo,1,0.01639344262295082
mayoria,masas,1,0.01639344262295082
mayoria,todos,1,0.01639344262295082
mayoria,minoría,1,0.01639344262295082
mayoria,algo,1,0.01639344262295082
mayoria,acuerdo,1,0.01639344262295082
mayoria,mas,1,0.01639344262295082
mayoria,hijo,1,0.01639344262295082
mayoria,multitud,1,0.01639344262295082
mayoria,numeros,1,0.01639344262295082
mayoria,politica,1,0.01639344262295082
mayoria,total,1,0.01639344262295082
mayoria,mentiras,1,0.01639344262295082
mayoria,votos,1,0.01639344262295082
mayoria,abosluta,1,0.01639344262295082
mayoria,personas,1,0.01639344262295082
mayoria,nueva,1,0.01639344262295082
mayoria,cantidad,1,0.01639344262295082
paso,lento,6,0.09836065573770492
paso,tiempo,6,0.09836065573770492
paso,pie,6,0.09836065573770492
paso,camino,5,0.08196721311475409
paso,rapido,3,0.04918032786885246
paso,caminar,3,0.04918032786885246
paso,corto,3,0.04918032786885246
paso,largo,2,0.03278688524590164
paso,huella,1,0.01639344262295082
paso,traspaso,1,0.01639344262295082
paso,progreso,1,0.01639344262295082
paso,caido,1,0.01639344262295082
paso,intenso,1,0.01639344262295082
paso,elecciones,1,0.01639344262295082
paso,andar,1,0.01639344262295082
paso,peso,1,0.01639344262295082
paso,permiso,1,0.01639344262295082
paso,suelto,1,0.01639344262295082
paso,gigante,1,0.01639344262295082
paso,pies,1,0.01639344262295082
paso,brasil,1,0.01639344262295082
paso,puente,1,0.01639344262295082
paso,caminata,1,0.01639344262295082
paso,hombre,1,0.01639344262295082
paso,pasa,1,0.01639344262295082
paso,limpio,1,0.01639344262295082
paso,desgracia,1,0.01639344262295082
paso,pluma,1,0.01639344262295082
paso,luz,1,0.01639344262295082
paso,marca,1,0.01639344262295082
paso,jose,1,0.01639344262295082
paso,falso,1,0.01639344262295082
paso,nivel,1,0.01639344262295082
paso,verdad,1,0.01639344262295082
paso,linea,1,0.01639344262295082
razon,logica,5,0.08333333333333333
razon,ser,5,0.08333333333333333
razon,cordura,4,0.06666666666666667
razon,cerebro,4,0.06666666666666667
razon,sentido,3,0.05
razon,mente,3,0.05
razon,mentira,3,0.05
razon,siempre,2,0.03333333333333333
razon,verdad,2,0.03333333333333333
razon,pensar,2,0.03333333333333333
razon,con,2,0.03333333333333333
razon,existir,2,0.03333333333333333
razon,division,1,0.016666666666666666
razon,obviedad,1,0.016666666666666666
razon,fuerza,1,0.016666666666666666
razon,creer,1,0.016666666666666666
razon,certeza,1,0.016666666666666666
razon,salud,1,0.016666666666666666
razon,criterio,1,0.016666666666666666
razon,ayuda,1,0.016666666666666666
razon,tiene,1,0.016666666666666666
razon,corazon,1,0.016666666666666666
razon,segura,1,0.016666666666666666
razon,matematica,1,0.016666666666666666
razon,causa,1,0.016666666666666666
razon,socisl,1,0.016666666666666666
razon,tener,1,0.016666666666666666
razon,logico,1,0.016666666666666666
razon,cuadrado,1,0.016666666666666666
razon,tonto,1,0.016666666666666666
razon,cabeza,1,0.016666666666666666
razon,inexistente,1,0.016666666666666666
razon,razon,1,0.016666666666666666
razon,dijo,1,0.016666666666666666
razon,ecuacion,1,0.016666666666666666
sistema,computadora,12,0.2
sistema,operativo,4,0.06666666666666667
sistema,corrupto,3,0.05
sistema,computacion,2,0.03333333333333333
sistema,informatica,2,0.03333333333333333
sistema,gobierno,2,0.03333333333333333
sistema,malo,2,0.03333333333333333
sistema,ingenieria,2,0.03333333333333333
sistema,solar,2,0.03333333333333333
sistema,programa,1,0.016666666666666666
sistema,ordenado,1,0.016666666666666666
sistema,organizacion,1,0.016666666666666666
sistema,oficial,1,0.016666666666666666
sistema,red,1,0.016666666666666666
sistema,numerico,1,0.016666666666666666
sistema,fallo,1,0.016666666666666666
sistema,capitalismo,1,0.016666666666666666
sistema,vida,1,0.016666666666666666
sistema,judicial,1,0.016666666666666666
sistema,galaxia,1,0.016666666666666666
sistema,roto,1,0.016666666666666666
sistema,nervioso,1,0.016666666666666666
sistema,control,1,0.016666666666666666
sistema,lineas,1,0.016666666666666666
sistema,falla,1,0.016666666666666666
sistema,quimica,1,0.016666666666666666
sistema,informatico,1,0.016666666666666666
sistema,digital,1,0.016666666666666666
sistema,informal,1,0.016666666666666666
sistema,mal,1,0.016666666666666666
sistema,legislador,1,0.016666666666666666
sistema,paiz,1,0.016666666666666666
sistema,establecido,1,0.016666666666666666
sistema,neutral,1,0.016666666666666666
sistema,aislado,1,0.016666666666666666
sistema,icomputacion,1,0.016666666666666666
sistema,mono,1,0.016666666666666666
sistema,decimal,1,0.016666666666666666
presencia,ausencia,16,0.26666666666666666
presencia,estar,5,0.08333333333333333
presencia,fantasma,4,0.06666666666666667
presencia,persona,2,0.03333333333333333
presencia,maligna,2,0.03333333333333333
presencia,ente,2,0.03333333333333333
presencia,fuerte,2,0.03333333333333333
presencia,ausente,2,0.03333333333333333
presencia,estadia,1,0.016666666666666666
presencia,vida,1,0.016666666666666666
presencia,alma,1,0.016666666666666666
presencia,emboscada,1,0.016666666666666666
presencia,firme,1,0.016666666666666666
presencia,asistencia,1,0.016666666666666666
presencia,importante,1,0.016666666666666666
presencia,intranquila,1,0.016666666666666666
presencia,abundancia,1,0.016666666666666666
presencia,fantasmal,1,0.016666666666666666
presencia,impoluto,1,0.016666666666666666
presencia,oculta,1,0.016666666666666666
presencia,mente,1,0.016666666666666666
presencia,presentacion,1,0.016666666666666666
presencia,forma,1,0.016666666666666666
presencia,vacia,1,0.016666666666666666
presencia,se,1,0.016666666666666666
presencia,anormal,1,0.016666666666666666
presencia,vista,1,0.016666666666666666
presencia,elegante,1,0.016666666666666666
presencia,familia,1,0.016666666666666666
presencia,incompleta,1,0.016666666666666666
presencia,perro,1,0.016666666666666666
presencia,inmediata,1,0.016666666666666666
presencia,canina,1,0.016666666666666666
cuatro,cinco,17,0.288135593220339
cuatro,patas,9,0.15254237288135594
cuatro,numero,7,0.11864406779661017
cuatro,tres,4,0.06779661016949153
cuatro,perros,2,0.03389830508474576
cuatro,dos,2,0.03389830508474576
cuatro,perro,2,0.03389830508474576
cuatro,foto,1,0.01694915254237288
cuatro,par,1,0.01694915254237288
cuatro,suma,1,0.01694915254237288
cuatro,aplaso,1,0.01694915254237288
cuatro,sillas,1,0.01694915254237288
cuatro,número,1,0.01694915254237288
cuatro,verde,1,0.01694915254237288
cuatro,oro,1,0.01694915254237288
cuatro,vientos,1,0.01694915254237288
cuatro,paredes,1,0.01694915254237288
cuatro,berilio,1,0.01694915254237288
cuatro,seis,1,0.01694915254237288
cuatro,ases,1,0.01694915254237288
cuatro,ojos,1,0.01694915254237288
cuatro,dados,1,0.01694915254237288
cuatro,ocho,1,0.01694915254237288
obra,teatro,17,0.2833333333333333
obra,maestra,16,0.26666666666666666
obra,arte,10,0.16666666666666666
obra,construccion,4,0.06666666666666667
obra,planeada,1,0.016666666666666666
obra,infraestructura,1,0.016666666666666666
obra,circo,1,0.016666666666666666
obra,musical,1,0.016666666666666666
obra,actuación,1,0.016666666666666666
obra,planos,1,0.016666666666666666
obra,mayor,1,0.016666666666666666
obra,majestuosa,1,0.016666666666666666
obra,cuadro,1,0.016666666666666666
obra,teatral,1,0.016666666666666666
obra,mal,1,0.016666666666666666
obra,andante,1,0.016666666666666666
obra,buena,1,0.016666666666666666
equipo,futbol,25,0.4166666666666667
equipo,trabajo,4,0.06666666666666667
equipo,deporte,4,0.06666666666666667
equipo,unido,2,0.03333333333333333
equipo,grupo,2,0.03333333333333333
equipo,juego,2,0.03333333333333333
equipo,union,1,0.016666666666666666
equipo,manager,1,0.016666666666666666
equipo,confianza,1,0.016666666666666666
equipo,investigacion,1,0.016666666666666666
equipo,compañerismo,1,0.016666666666666666
equipo,palindromo,1,0.016666666666666666
equipo,malo,1,0.016666666666666666
equipo,conjunto,1,0.016666666666666666
equipo,personas,1,0.016666666666666666
equipo,musica,1,0.016666666666666666
equipo,seleccion,1,0.016666666666666666
equipo,coordinacion,1,0.016666666666666666
equipo,computadora,1,0.016666666666666666
equipo,once,1,0.016666666666666666
equipo,sonido,1,0.016666666666666666
equipo,deportivo,1,0.016666666666666666
equipo,voley,1,0.016666666666666666
equipo,completo,1,0.016666666666666666
equipo,buceo,1,0.016666666666666666
equipo,grande,1,0.016666666666666666
equipo,ganador,1,0.016666666666666666
posible,imposible,19,0.31666666666666665
posible,muerte,7,0.11666666666666667
posible,posibilidad,4,0.06666666666666667
posible,probable,4,0.06666666666666667
posible,real,2,0.03333333333333333
posible,trascendental,1,0.016666666666666666
posible,alcanzable,1,0.016666666666666666
posible,oportunidad,1,0.016666666666666666
posible,capataz,1,0.016666666666666666
posible,coneccion,1,0.016666666666666666
posible,sueño,1,0.016666666666666666
posible,imaginado,1,0.016666666666666666
posible,fútil,1,0.016666666666666666
posible,cuento,1,0.016666666666666666
posible,ocurrir,1,0.016666666666666666
posible,asesinato,1,0.016666666666666666
posible,lindo,1,0.016666666666666666
posible,intriga,1,0.016666666666666666
posible,prueba,1,0.016666666666666666
posible,final,1,0.016666666666666666
posible,dudo,1,0.016666666666666666
posible,accion,1,0.016666666666666666
posible,posible,1,0.016666666666666666
posible,correcto,1,0.016666666666666666
posible,inposible,1,0.016666666666666666
posible,vida,1,0.016666666666666666
posible,opcion,1,0.016666666666666666
posible,ultimo,1,0.016666666666666666
posible,muerto,1,0.016666666666666666
relacion,amor,11,0.18333333333333332
relacion,pareja,7,0.11666666666666667
relacion,casamiento,3,0.05
relacion,amorosa,3,0.05
relacion,toxica,3,0.05
relacion,matrimonio,2,0.03333333333333333
relacion,novio,2,0.03333333333333333
relacion,amistad,2,0.03333333333333333
relacion,compromiso,1,0.016666666666666666
relacion,vinculo,1,0.016666666666666666
relacion,amorìo,1,0.016666666666666666
relacion,interescucha,1,0.016666666666666666
relacion,sucia,1,0.016666666666666666
relacion,abierta,1,0.016666666666666666
relacion,larga,1,0.016666666666666666
relacion,perdida,1,0.016666666666666666
relacion,nueva,1,0.016666666666666666
relacion,toxico,1,0.016666666666666666
relacion,conjunto,1,0.016666666666666666
relacion,mujer,1,0.016666666666666666
relacion,union,1,0.016666666666666666
relacion,sentimental,1,0.016666666666666666
relacion,fallida,1,0.016666666666666666
relacion,miracion,1,0.016666666666666666
relacion,dependencia,1,0.016666666666666666
relacion,sana,1,0.016666666666666666
relacion,familia,1,0.016666666666666666
relacion,sexo,1,0.016666666666666666
relacion,intensa,1,0.016666666666666666
relacion,rota,1,0.016666666666666666
relacion,mutua,1,0.016666666666666666
relacion,rara,1,0.016666666666666666
relacion,juntos,1,0.016666666666666666
relacion,hombre,1,0.016666666666666666
relacion,intima,1,0.016666666666666666
fondo,blanco,10,0.16666666666666666
fondo,oscuro,7,0.11666666666666667
fondo,profundo,5,0.08333333333333333
fondo,negro,4,0.06666666666666667
fondo,pozo,3,0.05
fondo,mar,3,0.05
fondo,secreto,2,0.03333333333333333
fondo,hondo,2,0.03333333333333333
fondo,agua,2,0.03333333333333333
fondo,pantalla,2,0.03333333333333333
fondo,ojos,2,0.03333333333333333
fondo,trasfondo,1,0.016666666666666666
fondo,tunel,1,0.016666666666666666
fondo,paisaje,1,0.016666666666666666
fondo,final,1,0.016666666666666666
fondo,patio,1,0.016666666666666666
fondo,vacìo,1,0.016666666666666666
fondo,lejanidad,1,0.016666666666666666
fondo,azul,1,0.016666666666666666
fondo,funda,1,0.016666666666666666
fondo,oculto,1,0.016666666666666666
fondo,pintura,1,0.016666666666666666
fondo,limpio,1,0.016666666666666666
fondo,bajo,1,0.016666666666666666
fondo,tocar,1,0.016666666666666666
fondo,jardin,1,0.016666666666666666
fondo,atras,1,0.016666666666666666
fondo,trsite,1,0.016666666666666666
fondo,arbol,1,0.016666666666666666
mar,agua,11,0.18333333333333332
mar,oceano,10,0.16666666666666666
mar,azul,9,0.15
mar,abierto,4,0.06666666666666667
mar,playa,3,0.05
mar,olas,3,0.05
mar,profundo,2,0.03333333333333333
mar,muerto,2,0.03333333333333333
mar,marea,1,0.016666666666666666
mar,calma,1,0.016666666666666666
mar,amplitud,1,0.016666666666666666
mar,costa,1,0.016666666666666666
mar,peces,1,0.016666666666666666
mar,muerte,1,0.016666666666666666
mar,isla,1,0.016666666666666666
mar,del,1,0.016666666666666666
mar,latir,1,0.016666666666666666
mar,sangre,1,0.016666666666666666
mar,salado,1,0.016666666666666666
mar,estrellas,1,0.016666666666666666
mar,cielo,1,0.016666666666666666
mar,plata,1,0.016666666666666666
mar,sal,1,0.016666666666666666
mar,fondo,1,0.016666666666666666
corazon,roto,14,0.23728813559322035
corazon,sangre,6,0.1016949152542373
corazon,rojo,6,0.1016949152542373
corazon,latir,4,0.06779661016949153
corazon,cuerpo,2,0.03389830508474576
corazon,latido,2,0.03389830508474576
corazon,delator,2,0.03389830508474576
corazon,amor,2,0.03389830508474576
corazon,tristeza,1,0.01694915254237288
corazon,negro,1,0.01694915254237288
corazon,sentimiento,1,0.01694915254237288
corazon,late,1,0.01694915254237288
corazon,pasion,1,0.01694915254237288
corazon,solitario,1,0.01694915254237288
corazon,heart,1,0.01694915254237288
corazon,sentimientos,1,0.01694915254237288
corazon,puro,1,0.01694915254237288
corazon,dar,1,0.01694915254237288
corazon,alma,1,0.01694915254237288
corazon,partido,1,0.01694915254237288
corazon,grande,1,0.01694915254237288
corazon,latidos,1,0.01694915254237288
corazon,leon,1,0.01694915254237288
corazon,dolido,1,0.01694915254237288
corazon,pobre,1,0.01694915254237288
corazon,contento,1,0.01694915254237288
corazon,mentiroso,1,0.01694915254237288
corazon,tierno,1,0.01694915254237288
corazon,relato,1,0.01694915254237288
punto,coma,19,0.3114754098360656
punto,negro,5,0.08196721311475409
punto,final,5,0.08196721311475409
punto,rojo,2,0.03278688524590164
punto,fijo,2,0.03278688524590164
punto,visagra,2,0.03278688524590164
punto,muerto,2,0.03278688524590164
punto,aparte,2,0.03278688524590164
punto,linea,2,0.03278688524590164
punto,ciego,2,0.03278688524590164
punto,recta,2,0.03278688524590164
punto,termino,1,0.01639344262295082
punto,punta,1,0.01639344262295082
punto,objetivo,1,0.01639344262295082
punto,muerte,1,0.01639344262295082
punto,espacio,1,0.01639344262295082
punto,simbolo,1,0.01639344262295082
punto,letra,1,0.01639344262295082
punto,choque,1,0.01639344262295082
punto,esquema,1,0.01639344262295082
punto,texto,1,0.01639344262295082
punto,quiebre,1,0.01639344262295082
punto,blanco,1,0.01639344262295082
punto,raya,1,0.01639344262295082
punto,chiquito,1,0.01639344262295082
punto,debil,1,0.01639344262295082
punto,suave,1,0.01639344262295082
interior,exterior,28,0.45901639344262296
interior,casa,13,0.21311475409836064
interior,adentro,4,0.06557377049180328
interior,solo,2,0.03278688524590164
interior,oscuro,2,0.03278688524590164
interior,hogar,1,0.01639344262295082
interior,cuarto,1,0.01639344262295082
interior,paz,1,0.01639344262295082
interior,interior,1,0.01639344262295082
interior,decoracion,1,0.01639344262295082
interior,calefaccion,1,0.01639344262295082
interior,carrera,1,0.01639344262295082
interior,blanco,1,0.01639344262295082
interior,mismo,1,0.01639344262295082
interior,calor,1,0.01639344262295082
interior,edificio,1,0.01639344262295082
interior,sucio,1,0.01639344262295082
sobre,carta,27,0.4426229508196721
sobre,papel,5,0.08196721311475409
sobre,blanco,3,0.04918032786885246
sobre,mesa,2,0.03278688524590164
sobre,mail,2,0.03278688524590164
sobre,cerrado,2,0.03278688524590164
sobre,todo,2,0.03278688524590164
sobre,que,1,0.01639344262295082
sobre,envio,1,0.01639344262295082
sobre,pavimento,1,0.01639344262295082
sobre,plata,1,0.01639344262295082
sobre,adentro,1,0.01639344262295082
sobre,carton,1,0.01639344262295082
sobre,duerme,1,0.01639344262295082
sobre,pegamento,1,0.01639344262295082
sobre,dinero,1,0.01639344262295082
sobre,regalo,1,0.01639344262295082
sobre,under,1,0.01639344262295082
sobre,nada,1,0.01639344262295082
sobre,dentro,1,0.01639344262295082
sobre,negro,1,0.01639344262295082
sobre,sin,1,0.01639344262295082
sobre,encima,1,0.01639344262295082
sobre,envelope,1,0.01639344262295082
sobre,mojado,1,0.01639344262295082
gente,multitud,16,0.26229508196721313
gente,mucha,8,0.13114754098360656
gente,personas,5,0.08196721311475409
gente,persona,4,0.06557377049180328
gente,pueblo,3,0.04918032786885246
gente,buena,2,0.03278688524590164
gente,muerte,2,0.03278688524590164
gente,cabeza,1,0.01639344262295082
gente,disturbio,1,0.01639344262295082
gente,plaza,1,0.01639344262295082
gente,absurdo,1,0.01639344262295082
gente,muerta,1,0.01639344262295082
gente,hablar,1,0.01639344262295082
gente,calle,1,0.01639344262295082
gente,caminando,1,0.01639344262295082
gente,rara,1,0.01639344262295082
gente,muchedumbre,1,0.01639344262295082
gente,mala,1,0.01639344262295082
gente,absurda,1,0.01639344262295082
gente,multio,1,0.01639344262295082
gente,masivo,1,0.01639344262295082
gente,poblacion,1,0.01639344262295082
gente,masas,1,0.01639344262295082
gente,tumulto,1,0.01639344262295082
gente,musica,1,0.01639344262295082
gente,familia,1,0.01639344262295082
gente,people,1,0.01639344262295082
gente,atenta,1,0.01639344262295082
siglo,veintiuno,20,0.3389830508474576
siglo,años,10,0.1694915254237288
siglo,veinte,10,0.1694915254237288
siglo,tiempo,4,0.06779661016949153
siglo,pasado,3,0.05084745762711865
siglo,epoca,2,0.03389830508474576
siglo,xx,2,0.03389830508474576
siglo,año,2,0.03389830508474576
siglo,eternidad,1,0.01694915254237288
siglo,uno,1,0.01694915254237288
siglo,dieciseis,1,0.01694915254237288
siglo,milenio,1,0.01694915254237288
siglo,moderno,1,0.01694915254237288
siglo,paaado,1,0.01694915254237288
tiempo,reloj,9,0.18
tiempo,espacio,4,0.08
tiempo,hora,3,0.06
tiempo,frio,3,0.06
tiempo,largo,2,0.04
tiempo,lento,2,0.04
tiempo,sol,2,0.04
tiempo,nieve,1,0.02
tiempo,poco,1,0.02
tiempo,secreto,1,0.02
tiempo,transcurre,1,0.02
tiempo,pasado,1,0.02
tiempo,estacion,1,0.02
tiempo,mitad,1,0.02
tiempo,escaso,1,0.02
tiempo,pasar,1,0.02
tiempo,oscuro,1,0.02
tiempo,momento,1,0.02
tiempo,rapido,1,0.02
tiempo,estatico,1,0.02
tiempo,finito,1,0.02
tiempo,eterno,1,0.02
tiempo,clima,1,0.02
tiempo,buen,1,0.02
tiempo,mal,1,0.02
tiempo,horas,1,0.02
tiempo,esperar,1,0.02
tiempo,real,1,0.02
tiempo,lapiz,1,0.02
tiempo,camino,1,0.02
tiempo,medida,1,0.02
tiempo,helado,1,0.02
amor,corazon,8,0.16
amor,odio,7,0.14
amor,desamor,3,0.06
amor,lindo,3,0.06
amor,sentimiento,2,0.04
amor,prohibido,2,0.04
amor,emocion,2,0.04
amor,salvaje,1,0.02
amor,propio,1,0.02
amor,pareja,1,0.02
amor,lucho,1,0.02
amor,madre,1,0.02
amor,novio,1,0.02
amor,compromiso,1,0.02
amor,fugaz,1,0.02
amor,nuevo,1,0.02
amor,nirvana,1,0.02
amor,profundo,1,0.02
amor,madera,1,0.02
amor,pasional,1,0.02
amor,venganza,1,0.02
amor,efimero,1,0.02
amor,camino,1,0.02
amor,verano,1,0.02
amor,terror,1,0.02
amor,bueno,1,0.02
amor,azul,1,0.02
amor,nieve,1,0.02
amor,frustracion,1,0.02
amor,desconocidos,1,0.02
calle,asfalto,5,0.1
calle,vereda,4,0.08
calle,cerrada,3,0.06
calle,avenida,3,0.06
calle,numero,2,0.04
calle,tierra,2,0.04
calle,cemento,2,0.04
calle,angosta,2,0.04
calle,larga,2,0.04
calle,camino,2,0.04
calle,conocida,1,0.02
calle,casa,1,0.02
calle,barrio,1,0.02
calle,nevada,1,0.02
calle,adoquines,1,0.02
calle,oscura,1,0.02
calle,desierta,1,0.02
calle,cuervo,1,0.02
calle,trece,1,0.02
calle,comun,1,0.02
calle,semaforo,1,0.02
calle,rastro,1,0.02
calle,soledad,1,0.02
calle,pasaje,1,0.02
calle,sendero,1,0.02
calle,nocturna,1,0.02
calle,limpia,1,0.02
calle,vacia,1,0.02
calle,villa,1,0.02
calle,cuadro,1,0.02
calle,senda,1,0.02
calle,apellido,1,0.02
calle,ciudad,1,0.02
mal,bien,23,0.46
mal,menor,3,0.06
mal,oscuridad,2,0.04
mal,cameron,1,0.02
mal,relativo,1,0.02
mal,diablo,1,0.02
mal,estar,1,0.02
mal,sentimiento,1,0.02
mal,bondad,1,0.02
mal,mal,1,0.02
mal,pasan,1,0.02
mal,malo,1,0.02
mal,ajeno,1,0.02
mal,peor,1,0.02
mal,locura,1,0.02
mal,humor,1,0.02
mal,triste,1,0.02
mal,negativo,1,0.02
mal,moral,1,0.02
mal,hecho,1,0.02
mal,satelite,1,0.02
mal,amor,1,0.02
mal,concepto,1,0.02
mal,tiempo,1,0.02
mal,olor,1,0.02
sociedad,estado,14,0.28
sociedad,desigual,2,0.04
sociedad,gente,2,0.04
sociedad,comunidad,2,0.04
sociedad,personas,2,0.04
sociedad,bolsillos,1,0.02
sociedad,consumismo,1,0.02
sociedad,civil,1,0.02
sociedad,injusta,1,0.02
sociedad,infinita,1,0.02
sociedad,hipocrita,1,0.02
sociedad,mujeres,1,0.02
sociedad,politica,1,0.02
sociedad,nueva,1,0.02
sociedad,poblacion,1,0.02
sociedad,cooperacion,1,0.02
sociedad,pueblo,1,0.02
sociedad,joker,1,0.02
sociedad,moderna,1,0.02
sociedad,fausto,1,0.02
sociedad,composicion,1,0.02
sociedad,mala,1,0.02
sociedad,cerrada,1,0.02
sociedad,feliz,1,0.02
sociedad,inclusive,1,0.02
sociedad,austera,1,0.02
sociedad,desigualdad,1,0.02
sociedad,caos,1,0.02
sociedad,formal,1,0.02
sociedad,hueca,1,0.02
sociedad,clase,1,0.02
sociedad,amista,1,0.02
sociedad,opresion,1,0.02
te,cafe,12,0.24489795918367346
te,mate,6,0.12244897959183673
te,verde,5,0.10204081632653061
te,infusion,4,0.08163265306122448
te,bebida,3,0.061224489795918366
te,quiero,3,0.061224489795918366
te,caliente,2,0.04081632653061224
te,leche,2,0.04081632653061224
te,negro,2,0.04081632653061224
te,tilo,2,0.04081632653061224
te,merienda,1,0.02040816326530612
te,amo,1,0.02040816326530612
te,masitas,1,0.02040816326530612
te,yo,1,0.02040816326530612
te,chocolate,1,0.02040816326530612
te,mantis,1,0.02040816326530612
te,unido,1,0.02040816326530612
te,hierbas,1,0.02040816326530612
puerta,abierta,7,0.14
puerta,ventana,6,0.12
puerta,manija,4,0.08
puerta,entrada,3,0.06
puerta,madera,3,0.06
puerta,paso,2,0.04
puerta,casa,2,0.04
puerta,cerrada,2,0.04
puerta,marron,2,0.04
puerta,amarilla,1,0.02
puerta,secreta,1,0.02
puerta,mesa,1,0.02
puerta,roja,1,0.02
puerta,trasera,1,0.02
puerta,cerradura,1,0.02
puerta,marco,1,0.02
puerta,habitacion,1,0.02
puerta,abre,1,0.02
puerta,abrir,1,0.02
puerta,posibilidades,1,0.02
puerta,rectangulo,1,0.02
puerta,acceso,1,0.02
puerta,entrar,1,0.02
puerta,corediza,1,0.02
puerta,cuchillo,1,0.02
puerta,picaporte,1,0.02
puerta,cerrar,1,0.02
puerta,pomo,1,0.02
situacion,incomoda,7,0.14
situacion,momento,5,0.1
situacion,sentimental,3,0.06
situacion,economica,3,0.06
situacion,problema,3,0.06
situacion,actual,2,0.04
situacion,calle,2,0.04
situacion,ocasion,2,0.04
situacion,mala,2,0.04
situacion,complice,1,0.02
situacion,suceso,1,0.02
situacion,miedo,1,0.02
situacion,desesperante,1,0.02
situacion,machista,1,0.02
situacion,dificil,1,0.02
situacion,bien,1,0.02
situacion,grave,1,0.02
situacion,local,1,0.02
situacion,estado,1,0.02
situacion,complicada,1,0.02
situacion,relacion,1,0.02
situacion,conflicto,1,0.02
situacion,nada,1,0.02
situacion,contexto,1,0.02
situacion,escena,1,0.02
situacion,estacion,1,0.02
situacion,parque,1,0.02
situacion,solucion,1,0.02
situacion,casa,1,0.02
situacion,comedia,1,0.02
cinco,cuatro,12,0.24489795918367346
cinco,seis,11,0.22448979591836735
cinco,dedos,4,0.08163265306122448
cinco,numero,3,0.061224489795918366
cinco,pesos,3,0.061224489795918366
cinco,dos,2,0.04081632653061224
cinco,mano,2,0.04081632653061224
cinco,impar,1,0.02040816326530612
cinco,bolso,1,0.02040816326530612
cinco,pasos,1,0.02040816326530612
cinco,numeros,1,0.02040816326530612
cinco,manos,1,0.02040816326530612
cinco,pocos,1,0.02040816326530612
cinco,ocho,1,0.02040816326530612
cinco,ahinco,1,0.02040816326530612
cinco,cantidad,1,0.02040816326530612
cinco,clavo,1,0.02040816326530612
cinco,circo,1,0.02040816326530612
cinco,años,1,0.02040816326530612
claro,oscuro,25,0.5
claro,cielo,4,0.08
claro,movistar,3,0.06
claro,celular,2,0.04
claro,dia,2,0.04
claro,rojo,1,0.02
claro,luz,1,0.02
claro,obscuro,1,0.02
claro,estado,1,0.02
claro,nitido,1,0.02
claro,personal,1,0.02
claro,bueno,1,0.02
claro,blanco,1,0.02
claro,rosa,1,0.02
claro,agua,1,0.02
claro,duro,1,0.02
claro,juez,1,0.02
claro,negro,1,0.02
claro,simple,1,0.02
palabra,oracion,7,0.14285714285714285
palabra,letras,5,0.10204081632653061
palabra,larga,5,0.10204081632653061
palabra,letra,2,0.04081632653061224
palabra,clave,2,0.04081632653061224
palabra,comunicacion,2,0.04081632653061224
palabra,magica,2,0.04081632653061224
palabra,texto,2,0.04081632653061224
palabra,consonante,1,0.02040816326530612
palabra,adjetivo,1,0.02040816326530612
palabra,word,1,0.02040816326530612
palabra,sutil,1,0.02040816326530612
palabra,torcida,1,0.02040816326530612
palabra,oraciones,1,0.02040816326530612
palabra,gigante,1,0.02040816326530612
palabra,libro,1,0.02040816326530612
palabra,correcta,1,0.02040816326530612
palabra,frases,1,0.02040816326530612
palabra,pena,1,0.02040816326530612
palabra,senal,1,0.02040816326530612
palabra,verbo,1,0.02040816326530612
palabra,cerrada,1,0.02040816326530612
palabra,resabkl,1,0.02040816326530612
palabra,contar,1,0.02040816326530612
palabra,luz,1,0.02040816326530612
palabra,frase,1,0.02040816326530612
palabra,mala,1,0.02040816326530612
palabra,pasar,1,0.02040816326530612
palabra,bocha,1,0.02040816326530612
palabra,lenguaje,1,0.02040816326530612
mil,mil,5,0.1
mil,doscientos,4,0.08
mil,uno,4,0.08
mil,numero,3,0.06
mil,cien,3,0.06
mil,pesos,3,0.06
mil,millon,2,0.04
mil,personas,2,0.04
mil,cuento,2,0.04
mil,millones,2,0.04
mil,veces,2,0.04
mil,años,2,0.04
mil,millas,1,0.02
mil,mili,1,0.02
mil,ceros,1,0.02
mil,pedazos,1,0.02
mil,diez,1,0.02
mil,porciento,1,0.02
mil,dosmil,1,0.02
mil,palabras,1,0.02
mil,cuatrocientos,1,0.02
mil,cientos,1,0.02
mil,un,1,0.02
mil,moneda,1,0.02
mil,numeros,1,0.02
mil,horas,1,0.02
mil,huevo,1,0.02
mil,dinero,1,0.02
especie,animal,13,0.26
especie,humana,7,0.14
especie,biologia,3,0.06
especie,extincion,3,0.06
especie,raza,2,0.04
especie,extinta,2,0.04
especie,ser,1,0.02
especie,diferente,1,0.02
especie,tigre,1,0.02
especie,analisis,1,0.02
especie,anfibio,1,0.02
especie,distinta,1,0.02
especie,humanos,1,0.02
especie,tipo,1,0.02
especie,naturaleza,1,0.02
especie,especimen,1,0.02
especie,bicho,1,0.02
especie,planta,1,0.02
especie,autoctona,1,0.02
especie,rana,1,0.02
especie,evolucion,1,0.02
especie,animales,1,0.02
especie,nativa,1,0.02
especie,jaron,1,0.02
especie,oruga,1,0.02
especie,formas,1,0.02
